
> api:dev
> npm run dev -w lvo-api-server


> lvo-api-server@0.1.0 dev
> tsx watch src/index.ts

[minio] Impossible de vérifier/créer le bucket "lvo-sites" : 
[minio] Impossible de vérifier/créer le bucket "lvo-mms" : 
[minio] Impossible de vérifier/créer le bucket "lvo-client-docs" : 
[minio] Impossible de vérifier/créer le bucket "lvo-documents" : 
prisma:error 
Invalid `prisma.user.findMany()` invocation in
C:\Users\Mili\OneDrive\Bureau\lvo-web\server\src\db-store.ts:680:17

  677   dbContrats, dbInterventions, dbAlertes, dbMms,
  678   dbPendingQ, dbAudit, dbHistorique,
  679 ] = await Promise.all([
→ 680   prisma.user.findMany(
Can't reach database server at `localhost:5433`

Please make sure your database server is running at `localhost:5433`.
prisma:error 
Invalid `prisma.client.findMany()` invocation in
C:\Users\Mili\OneDrive\Bureau\lvo-web\server\src\db-store.ts:681:19

  678   dbPendingQ, dbAudit, dbHistorique,
  679 ] = await Promise.all([
  680   prisma.user.findMany({ where: { legacyId: { not: null } }, orderBy: { legacyId: "asc" } }),
→ 681   prisma.client.findMany(
Can't reach database server at `localhost:5433`

Please make sure your database server is running at `localhost:5433`.
prisma:error 
Invalid `prisma.contact.findMany()` invocation in
C:\Users\Mili\OneDrive\Bureau\lvo-web\server\src\db-store.ts:682:20

  679 ] = await Promise.all([
  680   prisma.user.findMany({ where: { legacyId: { not: null } }, orderBy: { legacyId: "asc" } }),
  681   prisma.client.findMany({ where: { legacyId: { not: null } }, orderBy: { legacyId: "asc" } }),
→ 682   prisma.contact.findMany(
Can't reach database server at `localhost:5433`

Please make sure your database server is running at `localhost:5433`.
prisma:error 
Invalid `prisma.site.findMany()` invocation in
C:\Users\Mili\OneDrive\Bureau\lvo-web\server\src\db-store.ts:683:17

  680 prisma.user.findMany({ where: { legacyId: { not: null } }, orderBy: { legacyId: "asc" } }),
  681 prisma.client.findMany({ where: { legacyId: { not: null } }, orderBy: { legacyId: "asc" } }),
  682 prisma.contact.findMany({ where: { legacyId: { not: null } }, orderBy: { legacyId: "asc" } }),
→ 683 prisma.site.findMany(
Can't reach database server at `localhost:5433`

Please make sure your database server is running at `localhost:5433`.
prisma:error 
Invalid `prisma.siteGestionnaire.findMany()` invocation in
C:\Users\Mili\OneDrive\Bureau\lvo-web\server\src\db-store.ts:684:29

  681 prisma.client.findMany({ where: { legacyId: { not: null } }, orderBy: { legacyId: "asc" } }),
  682 prisma.contact.findMany({ where: { legacyId: { not: null } }, orderBy: { legacyId: "asc" } }),
  683 prisma.site.findMany({ where: { legacyId: { not: null } }, orderBy: { legacyId: "asc" } }),
→ 684 prisma.siteGestionnaire.findMany(
Can't reach database server at `localhost:5433`

Please make sure your database server is running at `localhost:5433`.
prisma:error 
Invalid `prisma.siteEquipement.findMany()` invocation in
C:\Users\Mili\OneDrive\Bureau\lvo-web\server\src\db-store.ts:685:27

  682 prisma.contact.findMany({ where: { legacyId: { not: null } }, orderBy: { legacyId: "asc" } }),
  683 prisma.site.findMany({ where: { legacyId: { not: null } }, orderBy: { legacyId: "asc" } }),
  684 prisma.siteGestionnaire.findMany({ where: { legacyId: { not: null } }, orderBy: { legacyId: "asc" } }),
→ 685 prisma.siteEquipement.findMany(
Can't reach database server at `localhost:5433`

Please make sure your database server is running at `localhost:5433`.
prisma:error 
Invalid `prisma.siteArborescenceNode.findMany()` invocation in
C:\Users\Mili\OneDrive\Bureau\lvo-web\server\src\db-store.ts:686:33

  683 prisma.site.findMany({ where: { legacyId: { not: null } }, orderBy: { legacyId: "asc" } }),
  684 prisma.siteGestionnaire.findMany({ where: { legacyId: { not: null } }, orderBy: { legacyId: "asc" } }),
  685 prisma.siteEquipement.findMany({ where: { legacyId: { not: null } }, orderBy: { legacyId: "asc" } }),
→ 686 prisma.siteArborescenceNode.findMany(
Can't reach database server at `localhost:5433`

Please make sure your database server is running at `localhost:5433`.
prisma:error 
Invalid `prisma.offre.findMany()` invocation in
C:\Users\Mili\OneDrive\Bureau\lvo-web\server\src\db-store.ts:687:18

  684 prisma.siteGestionnaire.findMany({ where: { legacyId: { not: null } }, orderBy: { legacyId: "asc" } }),
  685 prisma.siteEquipement.findMany({ where: { legacyId: { not: null } }, orderBy: { legacyId: "asc" } }),
  686 prisma.siteArborescenceNode.findMany({ where: { legacyId: { not: null } }, orderBy: { legacyId: "asc" } }),
→ 687 prisma.offre.findMany(
Can't reach database server at `localhost:5433`

Please make sure your database server is running at `localhost:5433`.
prisma:error 
Invalid `prisma.commande.findMany()` invocation in
C:\Users\Mili\OneDrive\Bureau\lvo-web\server\src\db-store.ts:688:21

  685 prisma.siteEquipement.findMany({ where: { legacyId: { not: null } }, orderBy: { legacyId: "asc" } }),
  686 prisma.siteArborescenceNode.findMany({ where: { legacyId: { not: null } }, orderBy: { legacyId: "asc" } }),
  687 prisma.offre.findMany({ where: { legacyId: { not: null } }, orderBy: { legacyId: "asc" } }),
→ 688 prisma.commande.findMany(
Can't reach database server at `localhost:5433`

Please make sure your database server is running at `localhost:5433`.
prisma:error 
Invalid `prisma.facture.findMany()` invocation in
C:\Users\Mili\OneDrive\Bureau\lvo-web\server\src\db-store.ts:689:20

  686 prisma.siteArborescenceNode.findMany({ where: { legacyId: { not: null } }, orderBy: { legacyId: "asc" } }),
  687 prisma.offre.findMany({ where: { legacyId: { not: null } }, orderBy: { legacyId: "asc" } }),
  688 prisma.commande.findMany({ where: { legacyId: { not: null } }, orderBy: { legacyId: "asc" } }),
→ 689 prisma.facture.findMany(
Can't reach database server at `localhost:5433`

Please make sure your database server is running at `localhost:5433`.
prisma:error 
Invalid `prisma.avoir.findMany()` invocation in
C:\Users\Mili\OneDrive\Bureau\lvo-web\server\src\db-store.ts:690:18

  687 prisma.offre.findMany({ where: { legacyId: { not: null } }, orderBy: { legacyId: "asc" } }),
  688 prisma.commande.findMany({ where: { legacyId: { not: null } }, orderBy: { legacyId: "asc" } }),
  689 prisma.facture.findMany({ where: { legacyId: { not: null } }, orderBy: { legacyId: "asc" } }),
→ 690 prisma.avoir.findMany(
Can't reach database server at `localhost:5433`

Please make sure your database server is running at `localhost:5433`.
prisma:error 
Invalid `prisma.crmTask.findMany()` invocation in
C:\Users\Mili\OneDrive\Bureau\lvo-web\server\src\db-store.ts:691:20

  688 prisma.commande.findMany({ where: { legacyId: { not: null } }, orderBy: { legacyId: "asc" } }),
  689 prisma.facture.findMany({ where: { legacyId: { not: null } }, orderBy: { legacyId: "asc" } }),
  690 prisma.avoir.findMany({ where: { legacyId: { not: null } }, orderBy: { legacyId: "asc" } }),
→ 691 prisma.crmTask.findMany(
Can't reach database server at `localhost:5433`

Please make sure your database server is running at `localhost:5433`.
prisma:error 
Invalid `prisma.crmNotification.findMany()` invocation in
C:\Users\Mili\OneDrive\Bureau\lvo-web\server\src\db-store.ts:692:28

  689 prisma.facture.findMany({ where: { legacyId: { not: null } }, orderBy: { legacyId: "asc" } }),
  690 prisma.avoir.findMany({ where: { legacyId: { not: null } }, orderBy: { legacyId: "asc" } }),
  691 prisma.crmTask.findMany({ where: { legacyId: { not: null } }, orderBy: { legacyId: "asc" } }),
→ 692 prisma.crmNotification.findMany(
Can't reach database server at `localhost:5433`

Please make sure your database server is running at `localhost:5433`.
prisma:error 
Invalid `prisma.clientPortalMessage.findMany()` invocation in
C:\Users\Mili\OneDrive\Bureau\lvo-web\server\src\db-store.ts:693:32

  690 prisma.avoir.findMany({ where: { legacyId: { not: null } }, orderBy: { legacyId: "asc" } }),
  691 prisma.crmTask.findMany({ where: { legacyId: { not: null } }, orderBy: { legacyId: "asc" } }),
  692 prisma.crmNotification.findMany({ where: { legacyId: { not: null } }, orderBy: { legacyId: "asc" } }),
→ 693 prisma.clientPortalMessage.findMany(
Can't reach database server at `localhost:5433`

Please make sure your database server is running at `localhost:5433`.
prisma:error 
Invalid `prisma.clientPortalDocument.findMany()` invocation in
C:\Users\Mili\OneDrive\Bureau\lvo-web\server\src\db-store.ts:694:33

  691 prisma.crmTask.findMany({ where: { legacyId: { not: null } }, orderBy: { legacyId: "asc" } }),
  692 prisma.crmNotification.findMany({ where: { legacyId: { not: null } }, orderBy: { legacyId: "asc" } }),
  693 prisma.clientPortalMessage.findMany({ where: { legacyId: { not: null } }, orderBy: { legacyId: "asc" } }),
→ 694 prisma.clientPortalDocument.findMany(
Can't reach database server at `localhost:5433`

Please make sure your database server is running at `localhost:5433`.
prisma:error 
Invalid `prisma.clientPortalNotification.findMany()` invocation in
C:\Users\Mili\OneDrive\Bureau\lvo-web\server\src\db-store.ts:695:37

  692 prisma.crmNotification.findMany({ where: { legacyId: { not: null } }, orderBy: { legacyId: "asc" } }),
  693 prisma.clientPortalMessage.findMany({ where: { legacyId: { not: null } }, orderBy: { legacyId: "asc" } }),
  694 prisma.clientPortalDocument.findMany({ where: { legacyId: { not: null } }, orderBy: { legacyId: "asc" } }),
→ 695 prisma.clientPortalNotification.findMany(
Can't reach database server at `localhost:5433`

Please make sure your database server is running at `localhost:5433`.
prisma:error 
Invalid `prisma.clientContrat.findMany()` invocation in
C:\Users\Mili\OneDrive\Bureau\lvo-web\server\src\db-store.ts:696:26

  693 prisma.clientPortalMessage.findMany({ where: { legacyId: { not: null } }, orderBy: { legacyId: "asc" } }),
  694 prisma.clientPortalDocument.findMany({ where: { legacyId: { not: null } }, orderBy: { legacyId: "asc" } }),
  695 prisma.clientPortalNotification.findMany({ where: { legacyId: { not: null } }, orderBy: { legacyId: "asc" } }),
→ 696 prisma.clientContrat.findMany(
Can't reach database server at `localhost:5433`

Please make sure your database server is running at `localhost:5433`.
prisma:error 
Invalid `prisma.clientIntervention.findMany()` invocation in
C:\Users\Mili\OneDrive\Bureau\lvo-web\server\src\db-store.ts:697:31

  694 prisma.clientPortalDocument.findMany({ where: { legacyId: { not: null } }, orderBy: { legacyId: "asc" } }),
  695 prisma.clientPortalNotification.findMany({ where: { legacyId: { not: null } }, orderBy: { legacyId: "asc" } }),
  696 prisma.clientContrat.findMany({ where: { legacyId: { not: null } }, orderBy: { legacyId: "asc" } }),
→ 697 prisma.clientIntervention.findMany(
Can't reach database server at `localhost:5433`

Please make sure your database server is running at `localhost:5433`.
prisma:error 
Invalid `prisma.clientAlertesConfig.findMany()` invocation in
C:\Users\Mili\OneDrive\Bureau\lvo-web\server\src\db-store.ts:698:32

  695 prisma.clientPortalNotification.findMany({ where: { legacyId: { not: null } }, orderBy: { legacyId: "asc" } }),
  696 prisma.clientContrat.findMany({ where: { legacyId: { not: null } }, orderBy: { legacyId: "asc" } }),
  697 prisma.clientIntervention.findMany({ where: { legacyId: { not: null } }, orderBy: { legacyId: "asc" } }),
→ 698 prisma.clientAlertesConfig.findMany(
Can't reach database server at `localhost:5433`

Please make sure your database server is running at `localhost:5433`.
prisma:error 
Invalid `prisma.mmsRapport.findMany()` invocation in
C:\Users\Mili\OneDrive\Bureau\lvo-web\server\src\db-store.ts:699:23

  696 prisma.clientContrat.findMany({ where: { legacyId: { not: null } }, orderBy: { legacyId: "asc" } }),
  697 prisma.clientIntervention.findMany({ where: { legacyId: { not: null } }, orderBy: { legacyId: "asc" } }),
  698 prisma.clientAlertesConfig.findMany(),
→ 699 prisma.mmsRapport.findMany(
Can't reach database server at `localhost:5433`

Please make sure your database server is running at `localhost:5433`.
prisma:error 
Invalid `prisma.pendingQuontoTransaction.findMany()` invocation in
C:\Users\Mili\OneDrive\Bureau\lvo-web\server\src\db-store.ts:700:37

  697 prisma.clientIntervention.findMany({ where: { legacyId: { not: null } }, orderBy: { legacyId: "asc" } }),
  698 prisma.clientAlertesConfig.findMany(),
  699 prisma.mmsRapport.findMany({ where: { legacyId: { not: null } }, orderBy: { legacyId: "asc" } }),
→ 700 prisma.pendingQuontoTransaction.findMany(
Can't reach database server at `localhost:5433`

Please make sure your database server is running at `localhost:5433`.
prisma:error 
Invalid `prisma.auditLog.findMany()` invocation in
C:\Users\Mili\OneDrive\Bureau\lvo-web\server\src\db-store.ts:701:21

  698 prisma.clientAlertesConfig.findMany(),
  699 prisma.mmsRapport.findMany({ where: { legacyId: { not: null } }, orderBy: { legacyId: "asc" } }),
  700 prisma.pendingQuontoTransaction.findMany({ where: { legacyId: { not: null } }, orderBy: { legacyId: "asc" } }),
→ 701 prisma.auditLog.findMany(
Can't reach database server at `localhost:5433`

Please make sure your database server is running at `localhost:5433`.
prisma:error 
Invalid `prisma.historiqueAnnulation.findMany()` invocation in
C:\Users\Mili\OneDrive\Bureau\lvo-web\server\src\db-store.ts:702:33

  699 prisma.mmsRapport.findMany({ where: { legacyId: { not: null } }, orderBy: { legacyId: "asc" } }),
  700 prisma.pendingQuontoTransaction.findMany({ where: { legacyId: { not: null } }, orderBy: { legacyId: "asc" } }),
  701 prisma.auditLog.findMany({ where: { legacyId: { not: null } }, orderBy: { legacyId: "asc" } }),
→ 702 prisma.historiqueAnnulation.findMany(
Can't reach database server at `localhost:5433`

Please make sure your database server is running at `localhost:5433`.
[store] DB indisponible, fallback snapshot JSON : 
Invalid `prisma.user.findMany()` invocation in
C:\Users\Mili\OneDrive\Bureau\lvo-web\server\src\db-store.ts:680:17

  677   dbContrats, dbInterventions, dbAlertes, dbMms,
  678   dbPendingQ, dbAudit, dbHistorique,
  679 ] = await Promise.all([
→ 680   prisma.user.findMany(
Can't reach database server at `localhost:5433`

Please make sure your database server is running at `localhost:5433`.
prisma:error 
Invalid `prisma.user.upsert()` invocation in
C:\Users\Mili\OneDrive\Bureau\lvo-web\server\src\db-store.ts:52:33

  49 
  50 // 1. Users
  51 for (const u of users) {
→ 52   const r = await prisma.user.upsert(
Can't reach database server at `localhost:5433`

Please make sure your database server is running at `localhost:5433`.
[store] Échec sauvegarde DB normalisée, fallback snapshot : 
Invalid `prisma.user.upsert()` invocation in
C:\Users\Mili\OneDrive\Bureau\lvo-web\server\src\db-store.ts:52:33

  49 
  50 // 1. Users
  51 for (const u of users) {
→ 52   const r = await prisma.user.upsert(
Can't reach database server at `localhost:5433`

Please make sure your database server is running at `localhost:5433`.
prisma:error 
Invalid `prisma.appSnapshot.upsert()` invocation in
C:\Users\Mili\OneDrive\Bureau\lvo-web\server\src\store-persist.ts:70:30

  67 // Tentative app_snapshot (JSON blob) si Prisma est dispo
  68 try {
  69   const prisma = getPrisma();
→ 70   await prisma.appSnapshot.upsert(
Can't reach database server at `localhost:5433`

Please make sure your database server is running at `localhost:5433`.
[store] Jeu de démo initialisé → postgresql (tables normalisées)
LVO API listening on http://localhost:8080
Comptes démo : admin@lvo-ing.fr / lvo123 (ADMIN), manager@lvo-ing.fr / lvo123 (MANAGER), consultant@ / viewer@ — mot de passe lvo123
prisma:error 
Invalid `prisma.user.upsert()` invocation in
C:\Users\Mili\OneDrive\Bureau\lvo-web\server\src\db-store.ts:52:33

  49 
  50 // 1. Users
  51 for (const u of users) {
→ 52   const r = await prisma.user.upsert(
Can't reach database server at `localhost:5433`

Please make sure your database server is running at `localhost:5433`.
[store] Échec sauvegarde DB normalisée, fallback snapshot : 
Invalid `prisma.user.upsert()` invocation in
C:\Users\Mili\OneDrive\Bureau\lvo-web\server\src\db-store.ts:52:33

  49 
  50 // 1. Users
  51 for (const u of users) {
→ 52   const r = await prisma.user.upsert(
Can't reach database server at `localhost:5433`

Please make sure your database server is running at `localhost:5433`.
prisma:error 
Invalid `prisma.appSnapshot.upsert()` invocation in
C:\Users\Mili\OneDrive\Bureau\lvo-web\server\src\store-persist.ts:70:30

  67 // Tentative app_snapshot (JSON blob) si Prisma est dispo
  68 try {
  69   const prisma = getPrisma();
→ 70   await prisma.appSnapshot.upsert(
Can't reach database server at `localhost:5433`

Please make sure your database server is running at `localhost:5433`.
prisma:error 
Invalid `prisma.user.upsert()` invocation in
C:\Users\Mili\OneDrive\Bureau\lvo-web\server\src\db-store.ts:52:33

  49 
  50 // 1. Users
  51 for (const u of users) {
→ 52   const r = await prisma.user.upsert(
Can't reach database server at `localhost:5433`

Please make sure your database server is running at `localhost:5433`.
[store] Échec sauvegarde DB normalisée, fallback snapshot : 
Invalid `prisma.user.upsert()` invocation in
C:\Users\Mili\OneDrive\Bureau\lvo-web\server\src\db-store.ts:52:33

  49 
  50 // 1. Users
  51 for (const u of users) {
→ 52   const r = await prisma.user.upsert(
Can't reach database server at `localhost:5433`

Please make sure your database server is running at `localhost:5433`.
prisma:error 
Invalid `prisma.appSnapshot.upsert()` invocation in
C:\Users\Mili\OneDrive\Bureau\lvo-web\server\src\store-persist.ts:70:30

  67 // Tentative app_snapshot (JSON blob) si Prisma est dispo
  68 try {
  69   const prisma = getPrisma();
→ 70   await prisma.appSnapshot.upsert(
Can't reach database server at `localhost:5433`

Please make sure your database server is running at `localhost:5433`.
prisma:error 
Invalid `prisma.user.upsert()` invocation in
C:\Users\Mili\OneDrive\Bureau\lvo-web\server\src\db-store.ts:52:33

  49 
  50 // 1. Users
  51 for (const u of users) {
→ 52   const r = await prisma.user.upsert(
Can't reach database server at `localhost:5433`

Please make sure your database server is running at `localhost:5433`.
[store] Échec sauvegarde DB normalisée, fallback snapshot : 
Invalid `prisma.user.upsert()` invocation in
C:\Users\Mili\OneDrive\Bureau\lvo-web\server\src\db-store.ts:52:33

  49 
  50 // 1. Users
  51 for (const u of users) {
→ 52   const r = await prisma.user.upsert(
Can't reach database server at `localhost:5433`

Please make sure your database server is running at `localhost:5433`.
prisma:error 
Invalid `prisma.appSnapshot.upsert()` invocation in
C:\Users\Mili\OneDrive\Bureau\lvo-web\server\src\store-persist.ts:70:30

  67 // Tentative app_snapshot (JSON blob) si Prisma est dispo
  68 try {
  69   const prisma = getPrisma();
→ 70   await prisma.appSnapshot.upsert(
Can't reach database server at `localhost:5433`

Please make sure your database server is running at `localhost:5433`.
prisma:error 
Invalid `prisma.user.upsert()` invocation in
C:\Users\Mili\OneDrive\Bureau\lvo-web\server\src\db-store.ts:52:33

  49 
  50 // 1. Users
  51 for (const u of users) {
→ 52   const r = await prisma.user.upsert(
Can't reach database server at `localhost:5433`

Please make sure your database server is running at `localhost:5433`.
[store] Échec sauvegarde DB normalisée, fallback snapshot : 
Invalid `prisma.user.upsert()` invocation in
C:\Users\Mili\OneDrive\Bureau\lvo-web\server\src\db-store.ts:52:33

  49 
  50 // 1. Users
  51 for (const u of users) {
→ 52   const r = await prisma.user.upsert(
Can't reach database server at `localhost:5433`

Please make sure your database server is running at `localhost:5433`.
prisma:error 
Invalid `prisma.appSnapshot.upsert()` invocation in
C:\Users\Mili\OneDrive\Bureau\lvo-web\server\src\store-persist.ts:70:30

  67 // Tentative app_snapshot (JSON blob) si Prisma est dispo
  68 try {
  69   const prisma = getPrisma();
→ 70   await prisma.appSnapshot.upsert(
Can't reach database server at `localhost:5433`

Please make sure your database server is running at `localhost:5433`.
prisma:error 
Invalid `prisma.user.upsert()` invocation in
C:\Users\Mili\OneDrive\Bureau\lvo-web\server\src\db-store.ts:52:33

  49 
  50 // 1. Users
  51 for (const u of users) {
→ 52   const r = await prisma.user.upsert(
Can't reach database server at `localhost:5433`

Please make sure your database server is running at `localhost:5433`.
[store] Échec sauvegarde DB normalisée, fallback snapshot : 
Invalid `prisma.user.upsert()` invocation in
C:\Users\Mili\OneDrive\Bureau\lvo-web\server\src\db-store.ts:52:33

  49 
  50 // 1. Users
  51 for (const u of users) {
→ 52   const r = await prisma.user.upsert(
Can't reach database server at `localhost:5433`

Please make sure your database server is running at `localhost:5433`.
prisma:error 
Invalid `prisma.appSnapshot.upsert()` invocation in
C:\Users\Mili\OneDrive\Bureau\lvo-web\server\src\store-persist.ts:70:30

  67 // Tentative app_snapshot (JSON blob) si Prisma est dispo
  68 try {
  69   const prisma = getPrisma();
→ 70   await prisma.appSnapshot.upsert(
Can't reach database server at `localhost:5433`

Please make sure your database server is running at `localhost:5433`.
prisma:error 
Invalid `prisma.user.upsert()` invocation in
C:\Users\Mili\OneDrive\Bureau\lvo-web\server\src\db-store.ts:52:33

  49 
  50 // 1. Users
  51 for (const u of users) {
→ 52   const r = await prisma.user.upsert(
Can't reach database server at `localhost:5433`

Please make sure your database server is running at `localhost:5433`.
[store] Échec sauvegarde DB normalisée, fallback snapshot : 
Invalid `prisma.user.upsert()` invocation in
C:\Users\Mili\OneDrive\Bureau\lvo-web\server\src\db-store.ts:52:33

  49 
  50 // 1. Users
  51 for (const u of users) {
→ 52   const r = await prisma.user.upsert(
Can't reach database server at `localhost:5433`

Please make sure your database server is running at `localhost:5433`.
prisma:error 
Invalid `prisma.appSnapshot.upsert()` invocation in
C:\Users\Mili\OneDrive\Bureau\lvo-web\server\src\store-persist.ts:70:30

  67 // Tentative app_snapshot (JSON blob) si Prisma est dispo
  68 try {
  69   const prisma = getPrisma();
→ 70   await prisma.appSnapshot.upsert(
Can't reach database server at `localhost:5433`

Please make sure your database server is running at `localhost:5433`.
prisma:error 
Invalid `prisma.user.upsert()` invocation in
C:\Users\Mili\OneDrive\Bureau\lvo-web\server\src\db-store.ts:52:33

  49 
  50 // 1. Users
  51 for (const u of users) {
→ 52   const r = await prisma.user.upsert(
Can't reach database server at `localhost:5433`

Please make sure your database server is running at `localhost:5433`.
[store] Échec sauvegarde DB normalisée, fallback snapshot : 
Invalid `prisma.user.upsert()` invocation in
C:\Users\Mili\OneDrive\Bureau\lvo-web\server\src\db-store.ts:52:33

  49 
  50 // 1. Users
  51 for (const u of users) {
→ 52   const r = await prisma.user.upsert(
Can't reach database server at `localhost:5433`

Please make sure your database server is running at `localhost:5433`.
prisma:error 
Invalid `prisma.appSnapshot.upsert()` invocation in
C:\Users\Mili\OneDrive\Bureau\lvo-web\server\src\store-persist.ts:70:30

  67 // Tentative app_snapshot (JSON blob) si Prisma est dispo
  68 try {
  69   const prisma = getPrisma();
→ 70   await prisma.appSnapshot.upsert(
Can't reach database server at `localhost:5433`

Please make sure your database server is running at `localhost:5433`.
prisma:error 
Invalid `prisma.user.upsert()` invocation in
C:\Users\Mili\OneDrive\Bureau\lvo-web\server\src\db-store.ts:52:33

  49 
  50 // 1. Users
  51 for (const u of users) {
→ 52   const r = await prisma.user.upsert(
Can't reach database server at `localhost:5433`

Please make sure your database server is running at `localhost:5433`.
[store] Échec sauvegarde DB normalisée, fallback snapshot : 
Invalid `prisma.user.upsert()` invocation in
C:\Users\Mili\OneDrive\Bureau\lvo-web\server\src\db-store.ts:52:33

  49 
  50 // 1. Users
  51 for (const u of users) {
→ 52   const r = await prisma.user.upsert(
Can't reach database server at `localhost:5433`

Please make sure your database server is running at `localhost:5433`.
prisma:error 
Invalid `prisma.appSnapshot.upsert()` invocation in
C:\Users\Mili\OneDrive\Bureau\lvo-web\server\src\store-persist.ts:70:30

  67 // Tentative app_snapshot (JSON blob) si Prisma est dispo
  68 try {
  69   const prisma = getPrisma();
→ 70   await prisma.appSnapshot.upsert(
Can't reach database server at `localhost:5433`

Please make sure your database server is running at `localhost:5433`.
prisma:error 
Invalid `prisma.user.upsert()` invocation in
C:\Users\Mili\OneDrive\Bureau\lvo-web\server\src\db-store.ts:52:33

  49 
  50 // 1. Users
  51 for (const u of users) {
→ 52   const r = await prisma.user.upsert(
Can't reach database server at `localhost:5433`

Please make sure your database server is running at `localhost:5433`.
[store] Échec sauvegarde DB normalisée, fallback snapshot : 
Invalid `prisma.user.upsert()` invocation in
C:\Users\Mili\OneDrive\Bureau\lvo-web\server\src\db-store.ts:52:33

  49 
  50 // 1. Users
  51 for (const u of users) {
→ 52   const r = await prisma.user.upsert(
Can't reach database server at `localhost:5433`

Please make sure your database server is running at `localhost:5433`.
prisma:error 
Invalid `prisma.appSnapshot.upsert()` invocation in
C:\Users\Mili\OneDrive\Bureau\lvo-web\server\src\store-persist.ts:70:30

  67 // Tentative app_snapshot (JSON blob) si Prisma est dispo
  68 try {
  69   const prisma = getPrisma();
→ 70   await prisma.appSnapshot.upsert(
Can't reach database server at `localhost:5433`

Please make sure your database server is running at `localhost:5433`.
prisma:error 
Invalid `prisma.user.upsert()` invocation in
C:\Users\Mili\OneDrive\Bureau\lvo-web\server\src\db-store.ts:52:33

  49 
  50 // 1. Users
  51 for (const u of users) {
→ 52   const r = await prisma.user.upsert(
Can't reach database server at `localhost:5433`

Please make sure your database server is running at `localhost:5433`.
[store] Échec sauvegarde DB normalisée, fallback snapshot : 
Invalid `prisma.user.upsert()` invocation in
C:\Users\Mili\OneDrive\Bureau\lvo-web\server\src\db-store.ts:52:33

  49 
  50 // 1. Users
  51 for (const u of users) {
→ 52   const r = await prisma.user.upsert(
Can't reach database server at `localhost:5433`

Please make sure your database server is running at `localhost:5433`.
prisma:error 
Invalid `prisma.appSnapshot.upsert()` invocation in
C:\Users\Mili\OneDrive\Bureau\lvo-web\server\src\store-persist.ts:70:30

  67 // Tentative app_snapshot (JSON blob) si Prisma est dispo
  68 try {
  69   const prisma = getPrisma();
→ 70   await prisma.appSnapshot.upsert(
Can't reach database server at `localhost:5433`

Please make sure your database server is running at `localhost:5433`.
prisma:error 
Invalid `prisma.user.upsert()` invocation in
C:\Users\Mili\OneDrive\Bureau\lvo-web\server\src\db-store.ts:52:33

  49 
  50 // 1. Users
  51 for (const u of users) {
→ 52   const r = await prisma.user.upsert(
Can't reach database server at `localhost:5433`

Please make sure your database server is running at `localhost:5433`.
[store] Échec sauvegarde DB normalisée, fallback snapshot : 
Invalid `prisma.user.upsert()` invocation in
C:\Users\Mili\OneDrive\Bureau\lvo-web\server\src\db-store.ts:52:33

  49 
  50 // 1. Users
  51 for (const u of users) {
→ 52   const r = await prisma.user.upsert(
Can't reach database server at `localhost:5433`

Please make sure your database server is running at `localhost:5433`.
prisma:error 
Invalid `prisma.appSnapshot.upsert()` invocation in
C:\Users\Mili\OneDrive\Bureau\lvo-web\server\src\store-persist.ts:70:30

  67 // Tentative app_snapshot (JSON blob) si Prisma est dispo
  68 try {
  69   const prisma = getPrisma();
→ 70   await prisma.appSnapshot.upsert(
Can't reach database server at `localhost:5433`

Please make sure your database server is running at `localhost:5433`.
prisma:error 
Invalid `prisma.user.upsert()` invocation in
C:\Users\Mili\OneDrive\Bureau\lvo-web\server\src\db-store.ts:52:33

  49 
  50 // 1. Users
  51 for (const u of users) {
→ 52   const r = await prisma.user.upsert(
Can't reach database server at `localhost:5433`

Please make sure your database server is running at `localhost:5433`.
[store] Échec sauvegarde DB normalisée, fallback snapshot : 
Invalid `prisma.user.upsert()` invocation in
C:\Users\Mili\OneDrive\Bureau\lvo-web\server\src\db-store.ts:52:33

  49 
  50 // 1. Users
  51 for (const u of users) {
→ 52   const r = await prisma.user.upsert(
Can't reach database server at `localhost:5433`

Please make sure your database server is running at `localhost:5433`.
prisma:error 
Invalid `prisma.appSnapshot.upsert()` invocation in
C:\Users\Mili\OneDrive\Bureau\lvo-web\server\src\store-persist.ts:70:30

  67 // Tentative app_snapshot (JSON blob) si Prisma est dispo
  68 try {
  69   const prisma = getPrisma();
→ 70   await prisma.appSnapshot.upsert(
Can't reach database server at `localhost:5433`

Please make sure your database server is running at `localhost:5433`.
prisma:error 
Invalid `prisma.user.upsert()` invocation in
C:\Users\Mili\OneDrive\Bureau\lvo-web\server\src\db-store.ts:52:33

  49 
  50 // 1. Users
  51 for (const u of users) {
→ 52   const r = await prisma.user.upsert(
Can't reach database server at `localhost:5433`

Please make sure your database server is running at `localhost:5433`.
[store] Échec sauvegarde DB normalisée, fallback snapshot : 
Invalid `prisma.user.upsert()` invocation in
C:\Users\Mili\OneDrive\Bureau\lvo-web\server\src\db-store.ts:52:33

  49 
  50 // 1. Users
  51 for (const u of users) {
→ 52   const r = await prisma.user.upsert(
Can't reach database server at `localhost:5433`

Please make sure your database server is running at `localhost:5433`.
prisma:error 
Invalid `prisma.appSnapshot.upsert()` invocation in
C:\Users\Mili\OneDrive\Bureau\lvo-web\server\src\store-persist.ts:70:30

  67 // Tentative app_snapshot (JSON blob) si Prisma est dispo
  68 try {
  69   const prisma = getPrisma();
→ 70   await prisma.appSnapshot.upsert(
Can't reach database server at `localhost:5433`

Please make sure your database server is running at `localhost:5433`.
[client-docs] MinIO indisponible, fallback local : 
prisma:error 
Invalid `prisma.user.upsert()` invocation in
C:\Users\Mili\OneDrive\Bureau\lvo-web\server\src\db-store.ts:52:33

  49 
  50 // 1. Users
  51 for (const u of users) {
→ 52   const r = await prisma.user.upsert(
Can't reach database server at `localhost:5433`

Please make sure your database server is running at `localhost:5433`.
[store] Échec sauvegarde DB normalisée, fallback snapshot : 
Invalid `prisma.user.upsert()` invocation in
C:\Users\Mili\OneDrive\Bureau\lvo-web\server\src\db-store.ts:52:33

  49 
  50 // 1. Users
  51 for (const u of users) {
→ 52   const r = await prisma.user.upsert(
Can't reach database server at `localhost:5433`

Please make sure your database server is running at `localhost:5433`.
prisma:error 
Invalid `prisma.appSnapshot.upsert()` invocation in
C:\Users\Mili\OneDrive\Bureau\lvo-web\server\src\store-persist.ts:70:30

  67 // Tentative app_snapshot (JSON blob) si Prisma est dispo
  68 try {
  69   const prisma = getPrisma();
→ 70   await prisma.appSnapshot.upsert(
Can't reach database server at `localhost:5433`

Please make sure your database server is running at `localhost:5433`.
prisma:error 
Invalid `prisma.user.upsert()` invocation in
C:\Users\Mili\OneDrive\Bureau\lvo-web\server\src\db-store.ts:52:33

  49 
  50 // 1. Users
  51 for (const u of users) {
→ 52   const r = await prisma.user.upsert(
Can't reach database server at `localhost:5433`

Please make sure your database server is running at `localhost:5433`.
[store] Échec sauvegarde DB normalisée, fallback snapshot : 
Invalid `prisma.user.upsert()` invocation in
C:\Users\Mili\OneDrive\Bureau\lvo-web\server\src\db-store.ts:52:33

  49 
  50 // 1. Users
  51 for (const u of users) {
→ 52   const r = await prisma.user.upsert(
Can't reach database server at `localhost:5433`

Please make sure your database server is running at `localhost:5433`.
prisma:error 
Invalid `prisma.appSnapshot.upsert()` invocation in
C:\Users\Mili\OneDrive\Bureau\lvo-web\server\src\store-persist.ts:70:30

  67 // Tentative app_snapshot (JSON blob) si Prisma est dispo
  68 try {
  69   const prisma = getPrisma();
→ 70   await prisma.appSnapshot.upsert(
Can't reach database server at `localhost:5433`

Please make sure your database server is running at `localhost:5433`.
prisma:error 
Invalid `prisma.user.upsert()` invocation in
C:\Users\Mili\OneDrive\Bureau\lvo-web\server\src\db-store.ts:52:33

  49 
  50 // 1. Users
  51 for (const u of users) {
→ 52   const r = await prisma.user.upsert(
Can't reach database server at `localhost:5433`

Please make sure your database server is running at `localhost:5433`.
[store] Échec sauvegarde DB normalisée, fallback snapshot : 
Invalid `prisma.user.upsert()` invocation in
C:\Users\Mili\OneDrive\Bureau\lvo-web\server\src\db-store.ts:52:33

  49 
  50 // 1. Users
  51 for (const u of users) {
→ 52   const r = await prisma.user.upsert(
Can't reach database server at `localhost:5433`

Please make sure your database server is running at `localhost:5433`.
prisma:error 
Invalid `prisma.appSnapshot.upsert()` invocation in
C:\Users\Mili\OneDrive\Bureau\lvo-web\server\src\store-persist.ts:70:30

  67 // Tentative app_snapshot (JSON blob) si Prisma est dispo
  68 try {
  69   const prisma = getPrisma();
→ 70   await prisma.appSnapshot.upsert(
Can't reach database server at `localhost:5433`

Please make sure your database server is running at `localhost:5433`.
prisma:error 
Invalid `prisma.user.upsert()` invocation in
C:\Users\Mili\OneDrive\Bureau\lvo-web\server\src\db-store.ts:52:33

  49 
  50 // 1. Users
  51 for (const u of users) {
→ 52   const r = await prisma.user.upsert(
Can't reach database server at `localhost:5433`

Please make sure your database server is running at `localhost:5433`.
[store] Échec sauvegarde DB normalisée, fallback snapshot : 
Invalid `prisma.user.upsert()` invocation in
C:\Users\Mili\OneDrive\Bureau\lvo-web\server\src\db-store.ts:52:33

  49 
  50 // 1. Users
  51 for (const u of users) {
→ 52   const r = await prisma.user.upsert(
Can't reach database server at `localhost:5433`

Please make sure your database server is running at `localhost:5433`.
prisma:error 
Invalid `prisma.appSnapshot.upsert()` invocation in
C:\Users\Mili\OneDrive\Bureau\lvo-web\server\src\store-persist.ts:70:30

  67 // Tentative app_snapshot (JSON blob) si Prisma est dispo
  68 try {
  69   const prisma = getPrisma();
→ 70   await prisma.appSnapshot.upsert(
Can't reach database server at `localhost:5433`

Please make sure your database server is running at `localhost:5433`.
prisma:error 
Invalid `prisma.user.upsert()` invocation in
C:\Users\Mili\OneDrive\Bureau\lvo-web\server\src\db-store.ts:52:33

  49 
  50 // 1. Users
  51 for (const u of users) {
→ 52   const r = await prisma.user.upsert(
Can't reach database server at `localhost:5433`

Please make sure your database server is running at `localhost:5433`.
[store] Échec sauvegarde DB normalisée, fallback snapshot : 
Invalid `prisma.user.upsert()` invocation in
C:\Users\Mili\OneDrive\Bureau\lvo-web\server\src\db-store.ts:52:33

  49 
  50 // 1. Users
  51 for (const u of users) {
→ 52   const r = await prisma.user.upsert(
Can't reach database server at `localhost:5433`

Please make sure your database server is running at `localhost:5433`.
prisma:error 
Invalid `prisma.appSnapshot.upsert()` invocation in
C:\Users\Mili\OneDrive\Bureau\lvo-web\server\src\store-persist.ts:70:30

  67 // Tentative app_snapshot (JSON blob) si Prisma est dispo
  68 try {
  69   const prisma = getPrisma();
→ 70   await prisma.appSnapshot.upsert(
Can't reach database server at `localhost:5433`

Please make sure your database server is running at `localhost:5433`.
prisma:error 
Invalid `prisma.user.upsert()` invocation in
C:\Users\Mili\OneDrive\Bureau\lvo-web\server\src\db-store.ts:52:33

  49 
  50 // 1. Users
  51 for (const u of users) {
→ 52   const r = await prisma.user.upsert(
Can't reach database server at `localhost:5433`

Please make sure your database server is running at `localhost:5433`.
[store] Échec sauvegarde DB normalisée, fallback snapshot : 
Invalid `prisma.user.upsert()` invocation in
C:\Users\Mili\OneDrive\Bureau\lvo-web\server\src\db-store.ts:52:33

  49 
  50 // 1. Users
  51 for (const u of users) {
→ 52   const r = await prisma.user.upsert(
Can't reach database server at `localhost:5433`

Please make sure your database server is running at `localhost:5433`.
prisma:error 
Invalid `prisma.appSnapshot.upsert()` invocation in
C:\Users\Mili\OneDrive\Bureau\lvo-web\server\src\store-persist.ts:70:30

  67 // Tentative app_snapshot (JSON blob) si Prisma est dispo
  68 try {
  69   const prisma = getPrisma();
→ 70   await prisma.appSnapshot.upsert(
Can't reach database server at `localhost:5433`

Please make sure your database server is running at `localhost:5433`.
[mms] MinIO indisponible, fallback local : 
[mms] MinIO indisponible, fallback local : 
prisma:error 
Invalid `prisma.user.upsert()` invocation in
C:\Users\Mili\OneDrive\Bureau\lvo-web\server\src\db-store.ts:52:33

  49 
  50 // 1. Users
  51 for (const u of users) {
→ 52   const r = await prisma.user.upsert(
Can't reach database server at `localhost:5433`

Please make sure your database server is running at `localhost:5433`.
[store] Échec sauvegarde DB normalisée, fallback snapshot : 
Invalid `prisma.user.upsert()` invocation in
C:\Users\Mili\OneDrive\Bureau\lvo-web\server\src\db-store.ts:52:33

  49 
  50 // 1. Users
  51 for (const u of users) {
→ 52   const r = await prisma.user.upsert(
Can't reach database server at `localhost:5433`

Please make sure your database server is running at `localhost:5433`.
prisma:error 
Invalid `prisma.appSnapshot.upsert()` invocation in
C:\Users\Mili\OneDrive\Bureau\lvo-web\server\src\store-persist.ts:70:30

  67 // Tentative app_snapshot (JSON blob) si Prisma est dispo
  68 try {
  69   const prisma = getPrisma();
→ 70   await prisma.appSnapshot.upsert(
Can't reach database server at `localhost:5433`

Please make sure your database server is running at `localhost:5433`.
prisma:error 
Invalid `prisma.user.upsert()` invocation in
C:\Users\Mili\OneDrive\Bureau\lvo-web\server\src\db-store.ts:52:33

  49 
  50 // 1. Users
  51 for (const u of users) {
→ 52   const r = await prisma.user.upsert(
Can't reach database server at `localhost:5433`

Please make sure your database server is running at `localhost:5433`.
[store] Échec sauvegarde DB normalisée, fallback snapshot : 
Invalid `prisma.user.upsert()` invocation in
C:\Users\Mili\OneDrive\Bureau\lvo-web\server\src\db-store.ts:52:33

  49 
  50 // 1. Users
  51 for (const u of users) {
→ 52   const r = await prisma.user.upsert(
Can't reach database server at `localhost:5433`

Please make sure your database server is running at `localhost:5433`.
prisma:error 
Invalid `prisma.appSnapshot.upsert()` invocation in
C:\Users\Mili\OneDrive\Bureau\lvo-web\server\src\store-persist.ts:70:30

  67 // Tentative app_snapshot (JSON blob) si Prisma est dispo
  68 try {
  69   const prisma = getPrisma();
→ 70   await prisma.appSnapshot.upsert(
Can't reach database server at `localhost:5433`

Please make sure your database server is running at `localhost:5433`.
prisma:error 
Invalid `prisma.user.upsert()` invocation in
C:\Users\Mili\OneDrive\Bureau\lvo-web\server\src\db-store.ts:52:33

  49 
  50 // 1. Users
  51 for (const u of users) {
→ 52   const r = await prisma.user.upsert(
Can't reach database server at `localhost:5433`

Please make sure your database server is running at `localhost:5433`.
[store] Échec sauvegarde DB normalisée, fallback snapshot : 
Invalid `prisma.user.upsert()` invocation in
C:\Users\Mili\OneDrive\Bureau\lvo-web\server\src\db-store.ts:52:33

  49 
  50 // 1. Users
  51 for (const u of users) {
→ 52   const r = await prisma.user.upsert(
Can't reach database server at `localhost:5433`

Please make sure your database server is running at `localhost:5433`.
prisma:error 
Invalid `prisma.appSnapshot.upsert()` invocation in
C:\Users\Mili\OneDrive\Bureau\lvo-web\server\src\store-persist.ts:70:30

  67 // Tentative app_snapshot (JSON blob) si Prisma est dispo
  68 try {
  69   const prisma = getPrisma();
→ 70   await prisma.appSnapshot.upsert(
Can't reach database server at `localhost:5433`

Please make sure your database server is running at `localhost:5433`.
prisma:error 
Invalid `prisma.user.upsert()` invocation in
C:\Users\Mili\OneDrive\Bureau\lvo-web\server\src\db-store.ts:52:33

  49 
  50 // 1. Users
  51 for (const u of users) {
→ 52   const r = await prisma.user.upsert(
Can't reach database server at `localhost:5433`

Please make sure your database server is running at `localhost:5433`.
[store] Échec sauvegarde DB normalisée, fallback snapshot : 
Invalid `prisma.user.upsert()` invocation in
C:\Users\Mili\OneDrive\Bureau\lvo-web\server\src\db-store.ts:52:33

  49 
  50 // 1. Users
  51 for (const u of users) {
→ 52   const r = await prisma.user.upsert(
Can't reach database server at `localhost:5433`

Please make sure your database server is running at `localhost:5433`.
prisma:error 
Invalid `prisma.appSnapshot.upsert()` invocation in
C:\Users\Mili\OneDrive\Bureau\lvo-web\server\src\store-persist.ts:70:30

  67 // Tentative app_snapshot (JSON blob) si Prisma est dispo
  68 try {
  69   const prisma = getPrisma();
→ 70   await prisma.appSnapshot.upsert(
Can't reach database server at `localhost:5433`

Please make sure your database server is running at `localhost:5433`.
prisma:error 
Invalid `prisma.user.upsert()` invocation in
C:\Users\Mili\OneDrive\Bureau\lvo-web\server\src\db-store.ts:52:33

  49 
  50 // 1. Users
  51 for (const u of users) {
→ 52   const r = await prisma.user.upsert(
Can't reach database server at `localhost:5433`

Please make sure your database server is running at `localhost:5433`.
[store] Échec sauvegarde DB normalisée, fallback snapshot : 
Invalid `prisma.user.upsert()` invocation in
C:\Users\Mili\OneDrive\Bureau\lvo-web\server\src\db-store.ts:52:33

  49 
  50 // 1. Users
  51 for (const u of users) {
→ 52   const r = await prisma.user.upsert(
Can't reach database server at `localhost:5433`

Please make sure your database server is running at `localhost:5433`.
prisma:error 
Invalid `prisma.appSnapshot.upsert()` invocation in
C:\Users\Mili\OneDrive\Bureau\lvo-web\server\src\store-persist.ts:70:30

  67 // Tentative app_snapshot (JSON blob) si Prisma est dispo
  68 try {
  69   const prisma = getPrisma();
→ 70   await prisma.appSnapshot.upsert(
Can't reach database server at `localhost:5433`

Please make sure your database server is running at `localhost:5433`.
prisma:error 
Invalid `prisma.user.upsert()` invocation in
C:\Users\Mili\OneDrive\Bureau\lvo-web\server\src\db-store.ts:52:33

  49 
  50 // 1. Users
  51 for (const u of users) {
→ 52   const r = await prisma.user.upsert(
Can't reach database server at `localhost:5433`

Please make sure your database server is running at `localhost:5433`.
[store] Échec sauvegarde DB normalisée, fallback snapshot : 
Invalid `prisma.user.upsert()` invocation in
C:\Users\Mili\OneDrive\Bureau\lvo-web\server\src\db-store.ts:52:33

  49 
  50 // 1. Users
  51 for (const u of users) {
→ 52   const r = await prisma.user.upsert(
Can't reach database server at `localhost:5433`

Please make sure your database server is running at `localhost:5433`.
prisma:error 
Invalid `prisma.appSnapshot.upsert()` invocation in
C:\Users\Mili\OneDrive\Bureau\lvo-web\server\src\store-persist.ts:70:30

  67 // Tentative app_snapshot (JSON blob) si Prisma est dispo
  68 try {
  69   const prisma = getPrisma();
→ 70   await prisma.appSnapshot.upsert(
Can't reach database server at `localhost:5433`

Please make sure your database server is running at `localhost:5433`.
prisma:error 
Invalid `prisma.user.upsert()` invocation in
C:\Users\Mili\OneDrive\Bureau\lvo-web\server\src\db-store.ts:52:33

  49 
  50 // 1. Users
  51 for (const u of users) {
→ 52   const r = await prisma.user.upsert(
Can't reach database server at `localhost:5433`

Please make sure your database server is running at `localhost:5433`.
[store] Échec sauvegarde DB normalisée, fallback snapshot : 
Invalid `prisma.user.upsert()` invocation in
C:\Users\Mili\OneDrive\Bureau\lvo-web\server\src\db-store.ts:52:33

  49 
  50 // 1. Users
  51 for (const u of users) {
→ 52   const r = await prisma.user.upsert(
Can't reach database server at `localhost:5433`

Please make sure your database server is running at `localhost:5433`.
prisma:error 
Invalid `prisma.appSnapshot.upsert()` invocation in
C:\Users\Mili\OneDrive\Bureau\lvo-web\server\src\store-persist.ts:70:30

  67 // Tentative app_snapshot (JSON blob) si Prisma est dispo
  68 try {
  69   const prisma = getPrisma();
→ 70   await prisma.appSnapshot.upsert(
Can't reach database server at `localhost:5433`

Please make sure your database server is running at `localhost:5433`.
prisma:error 
Invalid `prisma.user.upsert()` invocation in
C:\Users\Mili\OneDrive\Bureau\lvo-web\server\src\db-store.ts:52:33

  49 
  50 // 1. Users
  51 for (const u of users) {
→ 52   const r = await prisma.user.upsert(
Can't reach database server at `localhost:5433`

Please make sure your database server is running at `localhost:5433`.
[store] Échec sauvegarde DB normalisée, fallback snapshot : 
Invalid `prisma.user.upsert()` invocation in
C:\Users\Mili\OneDrive\Bureau\lvo-web\server\src\db-store.ts:52:33

  49 
  50 // 1. Users
  51 for (const u of users) {
→ 52   const r = await prisma.user.upsert(
Can't reach database server at `localhost:5433`

Please make sure your database server is running at `localhost:5433`.
prisma:error 
Invalid `prisma.appSnapshot.upsert()` invocation in
C:\Users\Mili\OneDrive\Bureau\lvo-web\server\src\store-persist.ts:70:30

  67 // Tentative app_snapshot (JSON blob) si Prisma est dispo
  68 try {
  69   const prisma = getPrisma();
→ 70   await prisma.appSnapshot.upsert(
Can't reach database server at `localhost:5433`

Please make sure your database server is running at `localhost:5433`.
prisma:error 
Invalid `prisma.user.upsert()` invocation in
C:\Users\Mili\OneDrive\Bureau\lvo-web\server\src\db-store.ts:52:33

  49 
  50 // 1. Users
  51 for (const u of users) {
→ 52   const r = await prisma.user.upsert(
Can't reach database server at `localhost:5433`

Please make sure your database server is running at `localhost:5433`.
prisma:error 
Invalid `prisma.user.upsert()` invocation in
C:\Users\Mili\OneDrive\Bureau\lvo-web\server\src\db-store.ts:52:33

  49 
  50 // 1. Users
  51 for (const u of users) {
→ 52   const r = await prisma.user.upsert(
Can't reach database server at `localhost:5433`

Please make sure your database server is running at `localhost:5433`.
[store] Échec sauvegarde DB normalisée, fallback snapshot : 
Invalid `prisma.user.upsert()` invocation in
C:\Users\Mili\OneDrive\Bureau\lvo-web\server\src\db-store.ts:52:33

  49 
  50 // 1. Users
  51 for (const u of users) {
→ 52   const r = await prisma.user.upsert(
Can't reach database server at `localhost:5433`

Please make sure your database server is running at `localhost:5433`.
[store] Échec sauvegarde DB normalisée, fallback snapshot : 
Invalid `prisma.user.upsert()` invocation in
C:\Users\Mili\OneDrive\Bureau\lvo-web\server\src\db-store.ts:52:33

  49 
  50 // 1. Users
  51 for (const u of users) {
→ 52   const r = await prisma.user.upsert(
Can't reach database server at `localhost:5433`

Please make sure your database server is running at `localhost:5433`.
prisma:error 
Invalid `prisma.appSnapshot.upsert()` invocation in
C:\Users\Mili\OneDrive\Bureau\lvo-web\server\src\store-persist.ts:70:30

  67 // Tentative app_snapshot (JSON blob) si Prisma est dispo
  68 try {
  69   const prisma = getPrisma();
→ 70   await prisma.appSnapshot.upsert(
Can't reach database server at `localhost:5433`

Please make sure your database server is running at `localhost:5433`.
prisma:error 
Invalid `prisma.appSnapshot.upsert()` invocation in
C:\Users\Mili\OneDrive\Bureau\lvo-web\server\src\store-persist.ts:70:30

  67 // Tentative app_snapshot (JSON blob) si Prisma est dispo
  68 try {
  69   const prisma = getPrisma();
→ 70   await prisma.appSnapshot.upsert(
Can't reach database server at `localhost:5433`

Please make sure your database server is running at `localhost:5433`.
prisma:error 
Invalid `prisma.user.upsert()` invocation in
C:\Users\Mili\OneDrive\Bureau\lvo-web\server\src\db-store.ts:52:33

  49 
  50 // 1. Users
  51 for (const u of users) {
→ 52   const r = await prisma.user.upsert(
Can't reach database server at `localhost:5433`

Please make sure your database server is running at `localhost:5433`.
prisma:error 
Invalid `prisma.user.upsert()` invocation in
C:\Users\Mili\OneDrive\Bureau\lvo-web\server\src\db-store.ts:52:33

  49 
  50 // 1. Users
  51 for (const u of users) {
→ 52   const r = await prisma.user.upsert(
Can't reach database server at `localhost:5433`

Please make sure your database server is running at `localhost:5433`.
[store] Échec sauvegarde DB normalisée, fallback snapshot : 
Invalid `prisma.user.upsert()` invocation in
C:\Users\Mili\OneDrive\Bureau\lvo-web\server\src\db-store.ts:52:33

  49 
  50 // 1. Users
  51 for (const u of users) {
→ 52   const r = await prisma.user.upsert(
Can't reach database server at `localhost:5433`

Please make sure your database server is running at `localhost:5433`.
[store] Échec sauvegarde DB normalisée, fallback snapshot : 
Invalid `prisma.user.upsert()` invocation in
C:\Users\Mili\OneDrive\Bureau\lvo-web\server\src\db-store.ts:52:33

  49 
  50 // 1. Users
  51 for (const u of users) {
→ 52   const r = await prisma.user.upsert(
Can't reach database server at `localhost:5433`

Please make sure your database server is running at `localhost:5433`.
prisma:error 
Invalid `prisma.appSnapshot.upsert()` invocation in
C:\Users\Mili\OneDrive\Bureau\lvo-web\server\src\store-persist.ts:70:30

  67 // Tentative app_snapshot (JSON blob) si Prisma est dispo
  68 try {
  69   const prisma = getPrisma();
→ 70   await prisma.appSnapshot.upsert(
Can't reach database server at `localhost:5433`

Please make sure your database server is running at `localhost:5433`.
prisma:error 
Invalid `prisma.appSnapshot.upsert()` invocation in
C:\Users\Mili\OneDrive\Bureau\lvo-web\server\src\store-persist.ts:70:30

  67 // Tentative app_snapshot (JSON blob) si Prisma est dispo
  68 try {
  69   const prisma = getPrisma();
→ 70   await prisma.appSnapshot.upsert(
Can't reach database server at `localhost:5433`

Please make sure your database server is running at `localhost:5433`.
prisma:error 
Invalid `prisma.user.upsert()` invocation in
C:\Users\Mili\OneDrive\Bureau\lvo-web\server\src\db-store.ts:52:33

  49 
  50 // 1. Users
  51 for (const u of users) {
→ 52   const r = await prisma.user.upsert(
Can't reach database server at `localhost:5433`

Please make sure your database server is running at `localhost:5433`.
[store] Échec sauvegarde DB normalisée, fallback snapshot : 
Invalid `prisma.user.upsert()` invocation in
C:\Users\Mili\OneDrive\Bureau\lvo-web\server\src\db-store.ts:52:33

  49 
  50 // 1. Users
  51 for (const u of users) {
→ 52   const r = await prisma.user.upsert(
Can't reach database server at `localhost:5433`

Please make sure your database server is running at `localhost:5433`.
prisma:error 
Invalid `prisma.appSnapshot.upsert()` invocation in
C:\Users\Mili\OneDrive\Bureau\lvo-web\server\src\store-persist.ts:70:30

  67 // Tentative app_snapshot (JSON blob) si Prisma est dispo
  68 try {
  69   const prisma = getPrisma();
→ 70   await prisma.appSnapshot.upsert(
Can't reach database server at `localhost:5433`

Please make sure your database server is running at `localhost:5433`.
prisma:error 
Invalid `prisma.user.upsert()` invocation in
C:\Users\Mili\OneDrive\Bureau\lvo-web\server\src\db-store.ts:52:33

  49 
  50 // 1. Users
  51 for (const u of users) {
→ 52   const r = await prisma.user.upsert(
Can't reach database server at `localhost:5433`

Please make sure your database server is running at `localhost:5433`.
[store] Échec sauvegarde DB normalisée, fallback snapshot : 
Invalid `prisma.user.upsert()` invocation in
C:\Users\Mili\OneDrive\Bureau\lvo-web\server\src\db-store.ts:52:33

  49 
  50 // 1. Users
  51 for (const u of users) {
→ 52   const r = await prisma.user.upsert(
Can't reach database server at `localhost:5433`

Please make sure your database server is running at `localhost:5433`.
prisma:error 
Invalid `prisma.appSnapshot.upsert()` invocation in
C:\Users\Mili\OneDrive\Bureau\lvo-web\server\src\store-persist.ts:70:30

  67 // Tentative app_snapshot (JSON blob) si Prisma est dispo
  68 try {
  69   const prisma = getPrisma();
→ 70   await prisma.appSnapshot.upsert(
Can't reach database server at `localhost:5433`

Please make sure your database server is running at `localhost:5433`.
prisma:error 
Invalid `prisma.user.upsert()` invocation in
C:\Users\Mili\OneDrive\Bureau\lvo-web\server\src\db-store.ts:52:33

  49 
  50 // 1. Users
  51 for (const u of users) {
→ 52   const r = await prisma.user.upsert(
Can't reach database server at `localhost:5433`

Please make sure your database server is running at `localhost:5433`.
[store] Échec sauvegarde DB normalisée, fallback snapshot : 
Invalid `prisma.user.upsert()` invocation in
C:\Users\Mili\OneDrive\Bureau\lvo-web\server\src\db-store.ts:52:33

  49 
  50 // 1. Users
  51 for (const u of users) {
→ 52   const r = await prisma.user.upsert(
Can't reach database server at `localhost:5433`

Please make sure your database server is running at `localhost:5433`.
prisma:error 
Invalid `prisma.appSnapshot.upsert()` invocation in
C:\Users\Mili\OneDrive\Bureau\lvo-web\server\src\store-persist.ts:70:30

  67 // Tentative app_snapshot (JSON blob) si Prisma est dispo
  68 try {
  69   const prisma = getPrisma();
→ 70   await prisma.appSnapshot.upsert(
Can't reach database server at `localhost:5433`

Please make sure your database server is running at `localhost:5433`.
prisma:error 
Invalid `prisma.user.upsert()` invocation in
C:\Users\Mili\OneDrive\Bureau\lvo-web\server\src\db-store.ts:52:33

  49 
  50 // 1. Users
  51 for (const u of users) {
→ 52   const r = await prisma.user.upsert(
Can't reach database server at `localhost:5433`

Please make sure your database server is running at `localhost:5433`.
[store] Échec sauvegarde DB normalisée, fallback snapshot : 
Invalid `prisma.user.upsert()` invocation in
C:\Users\Mili\OneDrive\Bureau\lvo-web\server\src\db-store.ts:52:33

  49 
  50 // 1. Users
  51 for (const u of users) {
→ 52   const r = await prisma.user.upsert(
Can't reach database server at `localhost:5433`

Please make sure your database server is running at `localhost:5433`.
prisma:error 
Invalid `prisma.appSnapshot.upsert()` invocation in
C:\Users\Mili\OneDrive\Bureau\lvo-web\server\src\store-persist.ts:70:30

  67 // Tentative app_snapshot (JSON blob) si Prisma est dispo
  68 try {
  69   const prisma = getPrisma();
→ 70   await prisma.appSnapshot.upsert(
Can't reach database server at `localhost:5433`

Please make sure your database server is running at `localhost:5433`.
prisma:error 
Invalid `prisma.user.upsert()` invocation in
C:\Users\Mili\OneDrive\Bureau\lvo-web\server\src\db-store.ts:52:33

  49 
  50 // 1. Users
  51 for (const u of users) {
→ 52   const r = await prisma.user.upsert(
Can't reach database server at `localhost:5433`

Please make sure your database server is running at `localhost:5433`.
[store] Échec sauvegarde DB normalisée, fallback snapshot : 
Invalid `prisma.user.upsert()` invocation in
C:\Users\Mili\OneDrive\Bureau\lvo-web\server\src\db-store.ts:52:33

  49 
  50 // 1. Users
  51 for (const u of users) {
→ 52   const r = await prisma.user.upsert(
Can't reach database server at `localhost:5433`

Please make sure your database server is running at `localhost:5433`.
prisma:error 
Invalid `prisma.appSnapshot.upsert()` invocation in
C:\Users\Mili\OneDrive\Bureau\lvo-web\server\src\store-persist.ts:70:30

  67 // Tentative app_snapshot (JSON blob) si Prisma est dispo
  68 try {
  69   const prisma = getPrisma();
→ 70   await prisma.appSnapshot.upsert(
Can't reach database server at `localhost:5433`

Please make sure your database server is running at `localhost:5433`.
prisma:error 
Invalid `prisma.user.upsert()` invocation in
C:\Users\Mili\OneDrive\Bureau\lvo-web\server\src\db-store.ts:52:33

  49 
  50 // 1. Users
  51 for (const u of users) {
→ 52   const r = await prisma.user.upsert(
Can't reach database server at `localhost:5433`

Please make sure your database server is running at `localhost:5433`.
[store] Échec sauvegarde DB normalisée, fallback snapshot : 
Invalid `prisma.user.upsert()` invocation in
C:\Users\Mili\OneDrive\Bureau\lvo-web\server\src\db-store.ts:52:33

  49 
  50 // 1. Users
  51 for (const u of users) {
→ 52   const r = await prisma.user.upsert(
Can't reach database server at `localhost:5433`

Please make sure your database server is running at `localhost:5433`.
prisma:error 
Invalid `prisma.appSnapshot.upsert()` invocation in
C:\Users\Mili\OneDrive\Bureau\lvo-web\server\src\store-persist.ts:70:30

  67 // Tentative app_snapshot (JSON blob) si Prisma est dispo
  68 try {
  69   const prisma = getPrisma();
→ 70   await prisma.appSnapshot.upsert(
Can't reach database server at `localhost:5433`

Please make sure your database server is running at `localhost:5433`.
22:14:51 [tsx] change in ./src\store.ts Restarting...
c[minio] Impossible de vérifier/créer le bucket "lvo-sites" : 
[minio] Impossible de vérifier/créer le bucket "lvo-mms" : 
[minio] Impossible de vérifier/créer le bucket "lvo-client-docs" : 
[minio] Impossible de vérifier/créer le bucket "lvo-documents" : 
prisma:error 
Invalid `prisma.user.findMany()` invocation in
C:\Users\Mili\OneDrive\Bureau\lvo-web\server\src\db-store.ts:680:17

  677   dbContrats, dbInterventions, dbAlertes, dbMms,
  678   dbPendingQ, dbAudit, dbHistorique,
  679 ] = await Promise.all([
→ 680   prisma.user.findMany(
Can't reach database server at `localhost:5433`

Please make sure your database server is running at `localhost:5433`.
prisma:error 
Invalid `prisma.client.findMany()` invocation in
C:\Users\Mili\OneDrive\Bureau\lvo-web\server\src\db-store.ts:681:19

  678   dbPendingQ, dbAudit, dbHistorique,
  679 ] = await Promise.all([
  680   prisma.user.findMany({ where: { legacyId: { not: null } }, orderBy: { legacyId: "asc" } }),
→ 681   prisma.client.findMany(
Can't reach database server at `localhost:5433`

Please make sure your database server is running at `localhost:5433`.
prisma:error 
Invalid `prisma.contact.findMany()` invocation in
C:\Users\Mili\OneDrive\Bureau\lvo-web\server\src\db-store.ts:682:20

  679 ] = await Promise.all([
  680   prisma.user.findMany({ where: { legacyId: { not: null } }, orderBy: { legacyId: "asc" } }),
  681   prisma.client.findMany({ where: { legacyId: { not: null } }, orderBy: { legacyId: "asc" } }),
→ 682   prisma.contact.findMany(
Can't reach database server at `localhost:5433`

Please make sure your database server is running at `localhost:5433`.
prisma:error 
Invalid `prisma.site.findMany()` invocation in
C:\Users\Mili\OneDrive\Bureau\lvo-web\server\src\db-store.ts:683:17

  680 prisma.user.findMany({ where: { legacyId: { not: null } }, orderBy: { legacyId: "asc" } }),
  681 prisma.client.findMany({ where: { legacyId: { not: null } }, orderBy: { legacyId: "asc" } }),
  682 prisma.contact.findMany({ where: { legacyId: { not: null } }, orderBy: { legacyId: "asc" } }),
→ 683 prisma.site.findMany(
Can't reach database server at `localhost:5433`

Please make sure your database server is running at `localhost:5433`.
prisma:error 
Invalid `prisma.siteGestionnaire.findMany()` invocation in
C:\Users\Mili\OneDrive\Bureau\lvo-web\server\src\db-store.ts:684:29

  681 prisma.client.findMany({ where: { legacyId: { not: null } }, orderBy: { legacyId: "asc" } }),
  682 prisma.contact.findMany({ where: { legacyId: { not: null } }, orderBy: { legacyId: "asc" } }),
  683 prisma.site.findMany({ where: { legacyId: { not: null } }, orderBy: { legacyId: "asc" } }),
→ 684 prisma.siteGestionnaire.findMany(
Can't reach database server at `localhost:5433`

Please make sure your database server is running at `localhost:5433`.
prisma:error 
Invalid `prisma.siteEquipement.findMany()` invocation in
C:\Users\Mili\OneDrive\Bureau\lvo-web\server\src\db-store.ts:685:27

  682 prisma.contact.findMany({ where: { legacyId: { not: null } }, orderBy: { legacyId: "asc" } }),
  683 prisma.site.findMany({ where: { legacyId: { not: null } }, orderBy: { legacyId: "asc" } }),
  684 prisma.siteGestionnaire.findMany({ where: { legacyId: { not: null } }, orderBy: { legacyId: "asc" } }),
→ 685 prisma.siteEquipement.findMany(
Can't reach database server at `localhost:5433`

Please make sure your database server is running at `localhost:5433`.
prisma:error 
Invalid `prisma.siteArborescenceNode.findMany()` invocation in
C:\Users\Mili\OneDrive\Bureau\lvo-web\server\src\db-store.ts:686:33

  683 prisma.site.findMany({ where: { legacyId: { not: null } }, orderBy: { legacyId: "asc" } }),
  684 prisma.siteGestionnaire.findMany({ where: { legacyId: { not: null } }, orderBy: { legacyId: "asc" } }),
  685 prisma.siteEquipement.findMany({ where: { legacyId: { not: null } }, orderBy: { legacyId: "asc" } }),
→ 686 prisma.siteArborescenceNode.findMany(
Can't reach database server at `localhost:5433`

Please make sure your database server is running at `localhost:5433`.
prisma:error 
Invalid `prisma.offre.findMany()` invocation in
C:\Users\Mili\OneDrive\Bureau\lvo-web\server\src\db-store.ts:687:18

  684 prisma.siteGestionnaire.findMany({ where: { legacyId: { not: null } }, orderBy: { legacyId: "asc" } }),
  685 prisma.siteEquipement.findMany({ where: { legacyId: { not: null } }, orderBy: { legacyId: "asc" } }),
  686 prisma.siteArborescenceNode.findMany({ where: { legacyId: { not: null } }, orderBy: { legacyId: "asc" } }),
→ 687 prisma.offre.findMany(
Can't reach database server at `localhost:5433`

Please make sure your database server is running at `localhost:5433`.
prisma:error 
Invalid `prisma.commande.findMany()` invocation in
C:\Users\Mili\OneDrive\Bureau\lvo-web\server\src\db-store.ts:688:21

  685 prisma.siteEquipement.findMany({ where: { legacyId: { not: null } }, orderBy: { legacyId: "asc" } }),
  686 prisma.siteArborescenceNode.findMany({ where: { legacyId: { not: null } }, orderBy: { legacyId: "asc" } }),
  687 prisma.offre.findMany({ where: { legacyId: { not: null } }, orderBy: { legacyId: "asc" } }),
→ 688 prisma.commande.findMany(
Can't reach database server at `localhost:5433`

Please make sure your database server is running at `localhost:5433`.
prisma:error 
Invalid `prisma.facture.findMany()` invocation in
C:\Users\Mili\OneDrive\Bureau\lvo-web\server\src\db-store.ts:689:20

  686 prisma.siteArborescenceNode.findMany({ where: { legacyId: { not: null } }, orderBy: { legacyId: "asc" } }),
  687 prisma.offre.findMany({ where: { legacyId: { not: null } }, orderBy: { legacyId: "asc" } }),
  688 prisma.commande.findMany({ where: { legacyId: { not: null } }, orderBy: { legacyId: "asc" } }),
→ 689 prisma.facture.findMany(
Can't reach database server at `localhost:5433`

Please make sure your database server is running at `localhost:5433`.
prisma:error 
Invalid `prisma.avoir.findMany()` invocation in
C:\Users\Mili\OneDrive\Bureau\lvo-web\server\src\db-store.ts:690:18

  687 prisma.offre.findMany({ where: { legacyId: { not: null } }, orderBy: { legacyId: "asc" } }),
  688 prisma.commande.findMany({ where: { legacyId: { not: null } }, orderBy: { legacyId: "asc" } }),
  689 prisma.facture.findMany({ where: { legacyId: { not: null } }, orderBy: { legacyId: "asc" } }),
→ 690 prisma.avoir.findMany(
Can't reach database server at `localhost:5433`

Please make sure your database server is running at `localhost:5433`.
prisma:error 
Invalid `prisma.crmTask.findMany()` invocation in
C:\Users\Mili\OneDrive\Bureau\lvo-web\server\src\db-store.ts:691:20

  688 prisma.commande.findMany({ where: { legacyId: { not: null } }, orderBy: { legacyId: "asc" } }),
  689 prisma.facture.findMany({ where: { legacyId: { not: null } }, orderBy: { legacyId: "asc" } }),
  690 prisma.avoir.findMany({ where: { legacyId: { not: null } }, orderBy: { legacyId: "asc" } }),
→ 691 prisma.crmTask.findMany(
Can't reach database server at `localhost:5433`

Please make sure your database server is running at `localhost:5433`.
prisma:error 
Invalid `prisma.crmNotification.findMany()` invocation in
C:\Users\Mili\OneDrive\Bureau\lvo-web\server\src\db-store.ts:692:28

  689 prisma.facture.findMany({ where: { legacyId: { not: null } }, orderBy: { legacyId: "asc" } }),
  690 prisma.avoir.findMany({ where: { legacyId: { not: null } }, orderBy: { legacyId: "asc" } }),
  691 prisma.crmTask.findMany({ where: { legacyId: { not: null } }, orderBy: { legacyId: "asc" } }),
→ 692 prisma.crmNotification.findMany(
Can't reach database server at `localhost:5433`

Please make sure your database server is running at `localhost:5433`.
prisma:error 
Invalid `prisma.clientPortalMessage.findMany()` invocation in
C:\Users\Mili\OneDrive\Bureau\lvo-web\server\src\db-store.ts:693:32

  690 prisma.avoir.findMany({ where: { legacyId: { not: null } }, orderBy: { legacyId: "asc" } }),
  691 prisma.crmTask.findMany({ where: { legacyId: { not: null } }, orderBy: { legacyId: "asc" } }),
  692 prisma.crmNotification.findMany({ where: { legacyId: { not: null } }, orderBy: { legacyId: "asc" } }),
→ 693 prisma.clientPortalMessage.findMany(
Can't reach database server at `localhost:5433`

Please make sure your database server is running at `localhost:5433`.
prisma:error 
Invalid `prisma.clientPortalDocument.findMany()` invocation in
C:\Users\Mili\OneDrive\Bureau\lvo-web\server\src\db-store.ts:694:33

  691 prisma.crmTask.findMany({ where: { legacyId: { not: null } }, orderBy: { legacyId: "asc" } }),
  692 prisma.crmNotification.findMany({ where: { legacyId: { not: null } }, orderBy: { legacyId: "asc" } }),
  693 prisma.clientPortalMessage.findMany({ where: { legacyId: { not: null } }, orderBy: { legacyId: "asc" } }),
→ 694 prisma.clientPortalDocument.findMany(
Can't reach database server at `localhost:5433`

Please make sure your database server is running at `localhost:5433`.
prisma:error 
Invalid `prisma.clientPortalNotification.findMany()` invocation in
C:\Users\Mili\OneDrive\Bureau\lvo-web\server\src\db-store.ts:695:37

  692 prisma.crmNotification.findMany({ where: { legacyId: { not: null } }, orderBy: { legacyId: "asc" } }),
  693 prisma.clientPortalMessage.findMany({ where: { legacyId: { not: null } }, orderBy: { legacyId: "asc" } }),
  694 prisma.clientPortalDocument.findMany({ where: { legacyId: { not: null } }, orderBy: { legacyId: "asc" } }),
→ 695 prisma.clientPortalNotification.findMany(
Can't reach database server at `localhost:5433`

Please make sure your database server is running at `localhost:5433`.
prisma:error 
Invalid `prisma.clientContrat.findMany()` invocation in
C:\Users\Mili\OneDrive\Bureau\lvo-web\server\src\db-store.ts:696:26

  693 prisma.clientPortalMessage.findMany({ where: { legacyId: { not: null } }, orderBy: { legacyId: "asc" } }),
  694 prisma.clientPortalDocument.findMany({ where: { legacyId: { not: null } }, orderBy: { legacyId: "asc" } }),
  695 prisma.clientPortalNotification.findMany({ where: { legacyId: { not: null } }, orderBy: { legacyId: "asc" } }),
→ 696 prisma.clientContrat.findMany(
Can't reach database server at `localhost:5433`

Please make sure your database server is running at `localhost:5433`.
prisma:error 
Invalid `prisma.clientIntervention.findMany()` invocation in
C:\Users\Mili\OneDrive\Bureau\lvo-web\server\src\db-store.ts:697:31

  694 prisma.clientPortalDocument.findMany({ where: { legacyId: { not: null } }, orderBy: { legacyId: "asc" } }),
  695 prisma.clientPortalNotification.findMany({ where: { legacyId: { not: null } }, orderBy: { legacyId: "asc" } }),
  696 prisma.clientContrat.findMany({ where: { legacyId: { not: null } }, orderBy: { legacyId: "asc" } }),
→ 697 prisma.clientIntervention.findMany(
Can't reach database server at `localhost:5433`

Please make sure your database server is running at `localhost:5433`.
prisma:error 
Invalid `prisma.clientAlertesConfig.findMany()` invocation in
C:\Users\Mili\OneDrive\Bureau\lvo-web\server\src\db-store.ts:698:32

  695 prisma.clientPortalNotification.findMany({ where: { legacyId: { not: null } }, orderBy: { legacyId: "asc" } }),
  696 prisma.clientContrat.findMany({ where: { legacyId: { not: null } }, orderBy: { legacyId: "asc" } }),
  697 prisma.clientIntervention.findMany({ where: { legacyId: { not: null } }, orderBy: { legacyId: "asc" } }),
→ 698 prisma.clientAlertesConfig.findMany(
Can't reach database server at `localhost:5433`

Please make sure your database server is running at `localhost:5433`.
prisma:error 
Invalid `prisma.mmsRapport.findMany()` invocation in
C:\Users\Mili\OneDrive\Bureau\lvo-web\server\src\db-store.ts:699:23

  696 prisma.clientContrat.findMany({ where: { legacyId: { not: null } }, orderBy: { legacyId: "asc" } }),
  697 prisma.clientIntervention.findMany({ where: { legacyId: { not: null } }, orderBy: { legacyId: "asc" } }),
  698 prisma.clientAlertesConfig.findMany(),
→ 699 prisma.mmsRapport.findMany(
Can't reach database server at `localhost:5433`

Please make sure your database server is running at `localhost:5433`.
prisma:error 
Invalid `prisma.pendingQuontoTransaction.findMany()` invocation in
C:\Users\Mili\OneDrive\Bureau\lvo-web\server\src\db-store.ts:700:37

  697 prisma.clientIntervention.findMany({ where: { legacyId: { not: null } }, orderBy: { legacyId: "asc" } }),
  698 prisma.clientAlertesConfig.findMany(),
  699 prisma.mmsRapport.findMany({ where: { legacyId: { not: null } }, orderBy: { legacyId: "asc" } }),
→ 700 prisma.pendingQuontoTransaction.findMany(
Can't reach database server at `localhost:5433`

Please make sure your database server is running at `localhost:5433`.
prisma:error 
Invalid `prisma.auditLog.findMany()` invocation in
C:\Users\Mili\OneDrive\Bureau\lvo-web\server\src\db-store.ts:701:21

  698 prisma.clientAlertesConfig.findMany(),
  699 prisma.mmsRapport.findMany({ where: { legacyId: { not: null } }, orderBy: { legacyId: "asc" } }),
  700 prisma.pendingQuontoTransaction.findMany({ where: { legacyId: { not: null } }, orderBy: { legacyId: "asc" } }),
→ 701 prisma.auditLog.findMany(
Can't reach database server at `localhost:5433`

Please make sure your database server is running at `localhost:5433`.
prisma:error 
Invalid `prisma.historiqueAnnulation.findMany()` invocation in
C:\Users\Mili\OneDrive\Bureau\lvo-web\server\src\db-store.ts:702:33

  699 prisma.mmsRapport.findMany({ where: { legacyId: { not: null } }, orderBy: { legacyId: "asc" } }),
  700 prisma.pendingQuontoTransaction.findMany({ where: { legacyId: { not: null } }, orderBy: { legacyId: "asc" } }),
  701 prisma.auditLog.findMany({ where: { legacyId: { not: null } }, orderBy: { legacyId: "asc" } }),
→ 702 prisma.historiqueAnnulation.findMany(
Can't reach database server at `localhost:5433`

Please make sure your database server is running at `localhost:5433`.
[store] DB indisponible, fallback snapshot JSON : 
Invalid `prisma.user.findMany()` invocation in
C:\Users\Mili\OneDrive\Bureau\lvo-web\server\src\db-store.ts:680:17

  677   dbContrats, dbInterventions, dbAlertes, dbMms,
  678   dbPendingQ, dbAudit, dbHistorique,
  679 ] = await Promise.all([
→ 680   prisma.user.findMany(
Can't reach database server at `localhost:5433`

Please make sure your database server is running at `localhost:5433`.
[store] Données restaurées depuis postgresql (tables normalisées)
LVO API listening on http://localhost:8080
Comptes démo : admin@lvo-ing.fr / lvo123 (ADMIN), manager@lvo-ing.fr / lvo123 (MANAGER), consultant@ / viewer@ — mot de passe lvo123
22:18:36 [tsx] change in ./src\index.ts Restarting...
c[minio] Impossible de vérifier/créer le bucket "lvo-sites" : 
[minio] Impossible de vérifier/créer le bucket "lvo-mms" : 
[minio] Impossible de vérifier/créer le bucket "lvo-client-docs" : 
[minio] Impossible de vérifier/créer le bucket "lvo-documents" : 
prisma:error 
Invalid `prisma.user.findMany()` invocation in
C:\Users\Mili\OneDrive\Bureau\lvo-web\server\src\db-store.ts:680:17

  677   dbContrats, dbInterventions, dbAlertes, dbMms,
  678   dbPendingQ, dbAudit, dbHistorique,
  679 ] = await Promise.all([
→ 680   prisma.user.findMany(
Can't reach database server at `localhost:5433`

Please make sure your database server is running at `localhost:5433`.
prisma:error 
Invalid `prisma.client.findMany()` invocation in
C:\Users\Mili\OneDrive\Bureau\lvo-web\server\src\db-store.ts:681:19

  678   dbPendingQ, dbAudit, dbHistorique,
  679 ] = await Promise.all([
  680   prisma.user.findMany({ where: { legacyId: { not: null } }, orderBy: { legacyId: "asc" } }),
→ 681   prisma.client.findMany(
Can't reach database server at `localhost:5433`

Please make sure your database server is running at `localhost:5433`.
prisma:error 
Invalid `prisma.contact.findMany()` invocation in
C:\Users\Mili\OneDrive\Bureau\lvo-web\server\src\db-store.ts:682:20

  679 ] = await Promise.all([
  680   prisma.user.findMany({ where: { legacyId: { not: null } }, orderBy: { legacyId: "asc" } }),
  681   prisma.client.findMany({ where: { legacyId: { not: null } }, orderBy: { legacyId: "asc" } }),
→ 682   prisma.contact.findMany(
Can't reach database server at `localhost:5433`

Please make sure your database server is running at `localhost:5433`.
prisma:error 
Invalid `prisma.site.findMany()` invocation in
C:\Users\Mili\OneDrive\Bureau\lvo-web\server\src\db-store.ts:683:17

  680 prisma.user.findMany({ where: { legacyId: { not: null } }, orderBy: { legacyId: "asc" } }),
  681 prisma.client.findMany({ where: { legacyId: { not: null } }, orderBy: { legacyId: "asc" } }),
  682 prisma.contact.findMany({ where: { legacyId: { not: null } }, orderBy: { legacyId: "asc" } }),
→ 683 prisma.site.findMany(
Can't reach database server at `localhost:5433`

Please make sure your database server is running at `localhost:5433`.
prisma:error 
Invalid `prisma.siteGestionnaire.findMany()` invocation in
C:\Users\Mili\OneDrive\Bureau\lvo-web\server\src\db-store.ts:684:29

  681 prisma.client.findMany({ where: { legacyId: { not: null } }, orderBy: { legacyId: "asc" } }),
  682 prisma.contact.findMany({ where: { legacyId: { not: null } }, orderBy: { legacyId: "asc" } }),
  683 prisma.site.findMany({ where: { legacyId: { not: null } }, orderBy: { legacyId: "asc" } }),
→ 684 prisma.siteGestionnaire.findMany(
Can't reach database server at `localhost:5433`

Please make sure your database server is running at `localhost:5433`.
prisma:error 
Invalid `prisma.siteEquipement.findMany()` invocation in
C:\Users\Mili\OneDrive\Bureau\lvo-web\server\src\db-store.ts:685:27

  682 prisma.contact.findMany({ where: { legacyId: { not: null } }, orderBy: { legacyId: "asc" } }),
  683 prisma.site.findMany({ where: { legacyId: { not: null } }, orderBy: { legacyId: "asc" } }),
  684 prisma.siteGestionnaire.findMany({ where: { legacyId: { not: null } }, orderBy: { legacyId: "asc" } }),
→ 685 prisma.siteEquipement.findMany(
Can't reach database server at `localhost:5433`

Please make sure your database server is running at `localhost:5433`.
prisma:error 
Invalid `prisma.siteArborescenceNode.findMany()` invocation in
C:\Users\Mili\OneDrive\Bureau\lvo-web\server\src\db-store.ts:686:33

  683 prisma.site.findMany({ where: { legacyId: { not: null } }, orderBy: { legacyId: "asc" } }),
  684 prisma.siteGestionnaire.findMany({ where: { legacyId: { not: null } }, orderBy: { legacyId: "asc" } }),
  685 prisma.siteEquipement.findMany({ where: { legacyId: { not: null } }, orderBy: { legacyId: "asc" } }),
→ 686 prisma.siteArborescenceNode.findMany(
Can't reach database server at `localhost:5433`

Please make sure your database server is running at `localhost:5433`.
prisma:error 
Invalid `prisma.offre.findMany()` invocation in
C:\Users\Mili\OneDrive\Bureau\lvo-web\server\src\db-store.ts:687:18

  684 prisma.siteGestionnaire.findMany({ where: { legacyId: { not: null } }, orderBy: { legacyId: "asc" } }),
  685 prisma.siteEquipement.findMany({ where: { legacyId: { not: null } }, orderBy: { legacyId: "asc" } }),
  686 prisma.siteArborescenceNode.findMany({ where: { legacyId: { not: null } }, orderBy: { legacyId: "asc" } }),
→ 687 prisma.offre.findMany(
Can't reach database server at `localhost:5433`

Please make sure your database server is running at `localhost:5433`.
prisma:error 
Invalid `prisma.commande.findMany()` invocation in
C:\Users\Mili\OneDrive\Bureau\lvo-web\server\src\db-store.ts:688:21

  685 prisma.siteEquipement.findMany({ where: { legacyId: { not: null } }, orderBy: { legacyId: "asc" } }),
  686 prisma.siteArborescenceNode.findMany({ where: { legacyId: { not: null } }, orderBy: { legacyId: "asc" } }),
  687 prisma.offre.findMany({ where: { legacyId: { not: null } }, orderBy: { legacyId: "asc" } }),
→ 688 prisma.commande.findMany(
Can't reach database server at `localhost:5433`

Please make sure your database server is running at `localhost:5433`.
prisma:error 
Invalid `prisma.facture.findMany()` invocation in
C:\Users\Mili\OneDrive\Bureau\lvo-web\server\src\db-store.ts:689:20

  686 prisma.siteArborescenceNode.findMany({ where: { legacyId: { not: null } }, orderBy: { legacyId: "asc" } }),
  687 prisma.offre.findMany({ where: { legacyId: { not: null } }, orderBy: { legacyId: "asc" } }),
  688 prisma.commande.findMany({ where: { legacyId: { not: null } }, orderBy: { legacyId: "asc" } }),
→ 689 prisma.facture.findMany(
Can't reach database server at `localhost:5433`

Please make sure your database server is running at `localhost:5433`.
prisma:error 
Invalid `prisma.avoir.findMany()` invocation in
C:\Users\Mili\OneDrive\Bureau\lvo-web\server\src\db-store.ts:690:18

  687 prisma.offre.findMany({ where: { legacyId: { not: null } }, orderBy: { legacyId: "asc" } }),
  688 prisma.commande.findMany({ where: { legacyId: { not: null } }, orderBy: { legacyId: "asc" } }),
  689 prisma.facture.findMany({ where: { legacyId: { not: null } }, orderBy: { legacyId: "asc" } }),
→ 690 prisma.avoir.findMany(
Can't reach database server at `localhost:5433`

Please make sure your database server is running at `localhost:5433`.
prisma:error 
Invalid `prisma.crmTask.findMany()` invocation in
C:\Users\Mili\OneDrive\Bureau\lvo-web\server\src\db-store.ts:691:20

  688 prisma.commande.findMany({ where: { legacyId: { not: null } }, orderBy: { legacyId: "asc" } }),
  689 prisma.facture.findMany({ where: { legacyId: { not: null } }, orderBy: { legacyId: "asc" } }),
  690 prisma.avoir.findMany({ where: { legacyId: { not: null } }, orderBy: { legacyId: "asc" } }),
→ 691 prisma.crmTask.findMany(
Can't reach database server at `localhost:5433`

Please make sure your database server is running at `localhost:5433`.
prisma:error 
Invalid `prisma.crmNotification.findMany()` invocation in
C:\Users\Mili\OneDrive\Bureau\lvo-web\server\src\db-store.ts:692:28

  689 prisma.facture.findMany({ where: { legacyId: { not: null } }, orderBy: { legacyId: "asc" } }),
  690 prisma.avoir.findMany({ where: { legacyId: { not: null } }, orderBy: { legacyId: "asc" } }),
  691 prisma.crmTask.findMany({ where: { legacyId: { not: null } }, orderBy: { legacyId: "asc" } }),
→ 692 prisma.crmNotification.findMany(
Can't reach database server at `localhost:5433`

Please make sure your database server is running at `localhost:5433`.
prisma:error 
Invalid `prisma.clientPortalMessage.findMany()` invocation in
C:\Users\Mili\OneDrive\Bureau\lvo-web\server\src\db-store.ts:693:32

  690 prisma.avoir.findMany({ where: { legacyId: { not: null } }, orderBy: { legacyId: "asc" } }),
  691 prisma.crmTask.findMany({ where: { legacyId: { not: null } }, orderBy: { legacyId: "asc" } }),
  692 prisma.crmNotification.findMany({ where: { legacyId: { not: null } }, orderBy: { legacyId: "asc" } }),
→ 693 prisma.clientPortalMessage.findMany(
Can't reach database server at `localhost:5433`

Please make sure your database server is running at `localhost:5433`.
prisma:error 
Invalid `prisma.clientPortalDocument.findMany()` invocation in
C:\Users\Mili\OneDrive\Bureau\lvo-web\server\src\db-store.ts:694:33

  691 prisma.crmTask.findMany({ where: { legacyId: { not: null } }, orderBy: { legacyId: "asc" } }),
  692 prisma.crmNotification.findMany({ where: { legacyId: { not: null } }, orderBy: { legacyId: "asc" } }),
  693 prisma.clientPortalMessage.findMany({ where: { legacyId: { not: null } }, orderBy: { legacyId: "asc" } }),
→ 694 prisma.clientPortalDocument.findMany(
Can't reach database server at `localhost:5433`

Please make sure your database server is running at `localhost:5433`.
prisma:error 
Invalid `prisma.clientPortalNotification.findMany()` invocation in
C:\Users\Mili\OneDrive\Bureau\lvo-web\server\src\db-store.ts:695:37

  692 prisma.crmNotification.findMany({ where: { legacyId: { not: null } }, orderBy: { legacyId: "asc" } }),
  693 prisma.clientPortalMessage.findMany({ where: { legacyId: { not: null } }, orderBy: { legacyId: "asc" } }),
  694 prisma.clientPortalDocument.findMany({ where: { legacyId: { not: null } }, orderBy: { legacyId: "asc" } }),
→ 695 prisma.clientPortalNotification.findMany(
Can't reach database server at `localhost:5433`

Please make sure your database server is running at `localhost:5433`.
prisma:error 
Invalid `prisma.clientContrat.findMany()` invocation in
C:\Users\Mili\OneDrive\Bureau\lvo-web\server\src\db-store.ts:696:26

  693 prisma.clientPortalMessage.findMany({ where: { legacyId: { not: null } }, orderBy: { legacyId: "asc" } }),
  694 prisma.clientPortalDocument.findMany({ where: { legacyId: { not: null } }, orderBy: { legacyId: "asc" } }),
  695 prisma.clientPortalNotification.findMany({ where: { legacyId: { not: null } }, orderBy: { legacyId: "asc" } }),
→ 696 prisma.clientContrat.findMany(
Can't reach database server at `localhost:5433`

Please make sure your database server is running at `localhost:5433`.
prisma:error 
Invalid `prisma.clientIntervention.findMany()` invocation in
C:\Users\Mili\OneDrive\Bureau\lvo-web\server\src\db-store.ts:697:31

  694 prisma.clientPortalDocument.findMany({ where: { legacyId: { not: null } }, orderBy: { legacyId: "asc" } }),
  695 prisma.clientPortalNotification.findMany({ where: { legacyId: { not: null } }, orderBy: { legacyId: "asc" } }),
  696 prisma.clientContrat.findMany({ where: { legacyId: { not: null } }, orderBy: { legacyId: "asc" } }),
→ 697 prisma.clientIntervention.findMany(
Can't reach database server at `localhost:5433`

Please make sure your database server is running at `localhost:5433`.
prisma:error 
Invalid `prisma.clientAlertesConfig.findMany()` invocation in
C:\Users\Mili\OneDrive\Bureau\lvo-web\server\src\db-store.ts:698:32

  695 prisma.clientPortalNotification.findMany({ where: { legacyId: { not: null } }, orderBy: { legacyId: "asc" } }),
  696 prisma.clientContrat.findMany({ where: { legacyId: { not: null } }, orderBy: { legacyId: "asc" } }),
  697 prisma.clientIntervention.findMany({ where: { legacyId: { not: null } }, orderBy: { legacyId: "asc" } }),
→ 698 prisma.clientAlertesConfig.findMany(
Can't reach database server at `localhost:5433`

Please make sure your database server is running at `localhost:5433`.
prisma:error 
Invalid `prisma.mmsRapport.findMany()` invocation in
C:\Users\Mili\OneDrive\Bureau\lvo-web\server\src\db-store.ts:699:23

  696 prisma.clientContrat.findMany({ where: { legacyId: { not: null } }, orderBy: { legacyId: "asc" } }),
  697 prisma.clientIntervention.findMany({ where: { legacyId: { not: null } }, orderBy: { legacyId: "asc" } }),
  698 prisma.clientAlertesConfig.findMany(),
→ 699 prisma.mmsRapport.findMany(
Can't reach database server at `localhost:5433`

Please make sure your database server is running at `localhost:5433`.
prisma:error 
Invalid `prisma.pendingQuontoTransaction.findMany()` invocation in
C:\Users\Mili\OneDrive\Bureau\lvo-web\server\src\db-store.ts:700:37

  697 prisma.clientIntervention.findMany({ where: { legacyId: { not: null } }, orderBy: { legacyId: "asc" } }),
  698 prisma.clientAlertesConfig.findMany(),
  699 prisma.mmsRapport.findMany({ where: { legacyId: { not: null } }, orderBy: { legacyId: "asc" } }),
→ 700 prisma.pendingQuontoTransaction.findMany(
Can't reach database server at `localhost:5433`

Please make sure your database server is running at `localhost:5433`.
prisma:error 
Invalid `prisma.auditLog.findMany()` invocation in
C:\Users\Mili\OneDrive\Bureau\lvo-web\server\src\db-store.ts:701:21

  698 prisma.clientAlertesConfig.findMany(),
  699 prisma.mmsRapport.findMany({ where: { legacyId: { not: null } }, orderBy: { legacyId: "asc" } }),
  700 prisma.pendingQuontoTransaction.findMany({ where: { legacyId: { not: null } }, orderBy: { legacyId: "asc" } }),
→ 701 prisma.auditLog.findMany(
Can't reach database server at `localhost:5433`

Please make sure your database server is running at `localhost:5433`.
prisma:error 
Invalid `prisma.historiqueAnnulation.findMany()` invocation in
C:\Users\Mili\OneDrive\Bureau\lvo-web\server\src\db-store.ts:702:33

  699 prisma.mmsRapport.findMany({ where: { legacyId: { not: null } }, orderBy: { legacyId: "asc" } }),
  700 prisma.pendingQuontoTransaction.findMany({ where: { legacyId: { not: null } }, orderBy: { legacyId: "asc" } }),
  701 prisma.auditLog.findMany({ where: { legacyId: { not: null } }, orderBy: { legacyId: "asc" } }),
→ 702 prisma.historiqueAnnulation.findMany(
Can't reach database server at `localhost:5433`

Please make sure your database server is running at `localhost:5433`.
[store] DB indisponible, fallback snapshot JSON : 
Invalid `prisma.user.findMany()` invocation in
C:\Users\Mili\OneDrive\Bureau\lvo-web\server\src\db-store.ts:680:17

  677   dbContrats, dbInterventions, dbAlertes, dbMms,
  678   dbPendingQ, dbAudit, dbHistorique,
  679 ] = await Promise.all([
→ 680   prisma.user.findMany(
Can't reach database server at `localhost:5433`

Please make sure your database server is running at `localhost:5433`.
[store] Données restaurées depuis postgresql (tables normalisées)
LVO API listening on http://localhost:8080
Comptes démo : admin@lvo-ing.fr / lvo123 (ADMIN), manager@lvo-ing.fr / lvo123 (MANAGER), consultant@ / viewer@ — mot de passe lvo123
22:18:56 [tsx] change in ./src\index.ts Restarting...
c[minio] Impossible de vérifier/créer le bucket "lvo-sites" : 
[minio] Impossible de vérifier/créer le bucket "lvo-mms" : 
[minio] Impossible de vérifier/créer le bucket "lvo-client-docs" : 
[minio] Impossible de vérifier/créer le bucket "lvo-documents" : 
prisma:error 
Invalid `prisma.user.findMany()` invocation in
C:\Users\Mili\OneDrive\Bureau\lvo-web\server\src\db-store.ts:680:17

  677   dbContrats, dbInterventions, dbAlertes, dbMms,
  678   dbPendingQ, dbAudit, dbHistorique,
  679 ] = await Promise.all([
→ 680   prisma.user.findMany(
Can't reach database server at `localhost:5433`

Please make sure your database server is running at `localhost:5433`.
prisma:error 
Invalid `prisma.client.findMany()` invocation in
C:\Users\Mili\OneDrive\Bureau\lvo-web\server\src\db-store.ts:681:19

  678   dbPendingQ, dbAudit, dbHistorique,
  679 ] = await Promise.all([
  680   prisma.user.findMany({ where: { legacyId: { not: null } }, orderBy: { legacyId: "asc" } }),
→ 681   prisma.client.findMany(
Can't reach database server at `localhost:5433`

Please make sure your database server is running at `localhost:5433`.
prisma:error 
Invalid `prisma.contact.findMany()` invocation in
C:\Users\Mili\OneDrive\Bureau\lvo-web\server\src\db-store.ts:682:20

  679 ] = await Promise.all([
  680   prisma.user.findMany({ where: { legacyId: { not: null } }, orderBy: { legacyId: "asc" } }),
  681   prisma.client.findMany({ where: { legacyId: { not: null } }, orderBy: { legacyId: "asc" } }),
→ 682   prisma.contact.findMany(
Can't reach database server at `localhost:5433`

Please make sure your database server is running at `localhost:5433`.
prisma:error 
Invalid `prisma.site.findMany()` invocation in
C:\Users\Mili\OneDrive\Bureau\lvo-web\server\src\db-store.ts:683:17

  680 prisma.user.findMany({ where: { legacyId: { not: null } }, orderBy: { legacyId: "asc" } }),
  681 prisma.client.findMany({ where: { legacyId: { not: null } }, orderBy: { legacyId: "asc" } }),
  682 prisma.contact.findMany({ where: { legacyId: { not: null } }, orderBy: { legacyId: "asc" } }),
→ 683 prisma.site.findMany(
Can't reach database server at `localhost:5433`

Please make sure your database server is running at `localhost:5433`.
prisma:error 
Invalid `prisma.siteGestionnaire.findMany()` invocation in
C:\Users\Mili\OneDrive\Bureau\lvo-web\server\src\db-store.ts:684:29

  681 prisma.client.findMany({ where: { legacyId: { not: null } }, orderBy: { legacyId: "asc" } }),
  682 prisma.contact.findMany({ where: { legacyId: { not: null } }, orderBy: { legacyId: "asc" } }),
  683 prisma.site.findMany({ where: { legacyId: { not: null } }, orderBy: { legacyId: "asc" } }),
→ 684 prisma.siteGestionnaire.findMany(
Can't reach database server at `localhost:5433`

Please make sure your database server is running at `localhost:5433`.
prisma:error 
Invalid `prisma.siteEquipement.findMany()` invocation in
C:\Users\Mili\OneDrive\Bureau\lvo-web\server\src\db-store.ts:685:27

  682 prisma.contact.findMany({ where: { legacyId: { not: null } }, orderBy: { legacyId: "asc" } }),
  683 prisma.site.findMany({ where: { legacyId: { not: null } }, orderBy: { legacyId: "asc" } }),
  684 prisma.siteGestionnaire.findMany({ where: { legacyId: { not: null } }, orderBy: { legacyId: "asc" } }),
→ 685 prisma.siteEquipement.findMany(
Can't reach database server at `localhost:5433`

Please make sure your database server is running at `localhost:5433`.
prisma:error 
Invalid `prisma.siteArborescenceNode.findMany()` invocation in
C:\Users\Mili\OneDrive\Bureau\lvo-web\server\src\db-store.ts:686:33

  683 prisma.site.findMany({ where: { legacyId: { not: null } }, orderBy: { legacyId: "asc" } }),
  684 prisma.siteGestionnaire.findMany({ where: { legacyId: { not: null } }, orderBy: { legacyId: "asc" } }),
  685 prisma.siteEquipement.findMany({ where: { legacyId: { not: null } }, orderBy: { legacyId: "asc" } }),
→ 686 prisma.siteArborescenceNode.findMany(
Can't reach database server at `localhost:5433`

Please make sure your database server is running at `localhost:5433`.
prisma:error 
Invalid `prisma.offre.findMany()` invocation in
C:\Users\Mili\OneDrive\Bureau\lvo-web\server\src\db-store.ts:687:18

  684 prisma.siteGestionnaire.findMany({ where: { legacyId: { not: null } }, orderBy: { legacyId: "asc" } }),
  685 prisma.siteEquipement.findMany({ where: { legacyId: { not: null } }, orderBy: { legacyId: "asc" } }),
  686 prisma.siteArborescenceNode.findMany({ where: { legacyId: { not: null } }, orderBy: { legacyId: "asc" } }),
→ 687 prisma.offre.findMany(
Can't reach database server at `localhost:5433`

Please make sure your database server is running at `localhost:5433`.
prisma:error 
Invalid `prisma.commande.findMany()` invocation in
C:\Users\Mili\OneDrive\Bureau\lvo-web\server\src\db-store.ts:688:21

  685 prisma.siteEquipement.findMany({ where: { legacyId: { not: null } }, orderBy: { legacyId: "asc" } }),
  686 prisma.siteArborescenceNode.findMany({ where: { legacyId: { not: null } }, orderBy: { legacyId: "asc" } }),
  687 prisma.offre.findMany({ where: { legacyId: { not: null } }, orderBy: { legacyId: "asc" } }),
→ 688 prisma.commande.findMany(
Can't reach database server at `localhost:5433`

Please make sure your database server is running at `localhost:5433`.
prisma:error 
Invalid `prisma.facture.findMany()` invocation in
C:\Users\Mili\OneDrive\Bureau\lvo-web\server\src\db-store.ts:689:20

  686 prisma.siteArborescenceNode.findMany({ where: { legacyId: { not: null } }, orderBy: { legacyId: "asc" } }),
  687 prisma.offre.findMany({ where: { legacyId: { not: null } }, orderBy: { legacyId: "asc" } }),
  688 prisma.commande.findMany({ where: { legacyId: { not: null } }, orderBy: { legacyId: "asc" } }),
→ 689 prisma.facture.findMany(
Can't reach database server at `localhost:5433`

Please make sure your database server is running at `localhost:5433`.
prisma:error 
Invalid `prisma.avoir.findMany()` invocation in
C:\Users\Mili\OneDrive\Bureau\lvo-web\server\src\db-store.ts:690:18

  687 prisma.offre.findMany({ where: { legacyId: { not: null } }, orderBy: { legacyId: "asc" } }),
  688 prisma.commande.findMany({ where: { legacyId: { not: null } }, orderBy: { legacyId: "asc" } }),
  689 prisma.facture.findMany({ where: { legacyId: { not: null } }, orderBy: { legacyId: "asc" } }),
→ 690 prisma.avoir.findMany(
Can't reach database server at `localhost:5433`

Please make sure your database server is running at `localhost:5433`.
prisma:error 
Invalid `prisma.crmTask.findMany()` invocation in
C:\Users\Mili\OneDrive\Bureau\lvo-web\server\src\db-store.ts:691:20

  688 prisma.commande.findMany({ where: { legacyId: { not: null } }, orderBy: { legacyId: "asc" } }),
  689 prisma.facture.findMany({ where: { legacyId: { not: null } }, orderBy: { legacyId: "asc" } }),
  690 prisma.avoir.findMany({ where: { legacyId: { not: null } }, orderBy: { legacyId: "asc" } }),
→ 691 prisma.crmTask.findMany(
Can't reach database server at `localhost:5433`

Please make sure your database server is running at `localhost:5433`.
prisma:error 
Invalid `prisma.crmNotification.findMany()` invocation in
C:\Users\Mili\OneDrive\Bureau\lvo-web\server\src\db-store.ts:692:28

  689 prisma.facture.findMany({ where: { legacyId: { not: null } }, orderBy: { legacyId: "asc" } }),
  690 prisma.avoir.findMany({ where: { legacyId: { not: null } }, orderBy: { legacyId: "asc" } }),
  691 prisma.crmTask.findMany({ where: { legacyId: { not: null } }, orderBy: { legacyId: "asc" } }),
→ 692 prisma.crmNotification.findMany(
Can't reach database server at `localhost:5433`

Please make sure your database server is running at `localhost:5433`.
prisma:error 
Invalid `prisma.clientPortalMessage.findMany()` invocation in
C:\Users\Mili\OneDrive\Bureau\lvo-web\server\src\db-store.ts:693:32

  690 prisma.avoir.findMany({ where: { legacyId: { not: null } }, orderBy: { legacyId: "asc" } }),
  691 prisma.crmTask.findMany({ where: { legacyId: { not: null } }, orderBy: { legacyId: "asc" } }),
  692 prisma.crmNotification.findMany({ where: { legacyId: { not: null } }, orderBy: { legacyId: "asc" } }),
→ 693 prisma.clientPortalMessage.findMany(
Can't reach database server at `localhost:5433`

Please make sure your database server is running at `localhost:5433`.
prisma:error 
Invalid `prisma.clientPortalDocument.findMany()` invocation in
C:\Users\Mili\OneDrive\Bureau\lvo-web\server\src\db-store.ts:694:33

  691 prisma.crmTask.findMany({ where: { legacyId: { not: null } }, orderBy: { legacyId: "asc" } }),
  692 prisma.crmNotification.findMany({ where: { legacyId: { not: null } }, orderBy: { legacyId: "asc" } }),
  693 prisma.clientPortalMessage.findMany({ where: { legacyId: { not: null } }, orderBy: { legacyId: "asc" } }),
→ 694 prisma.clientPortalDocument.findMany(
Can't reach database server at `localhost:5433`

Please make sure your database server is running at `localhost:5433`.
prisma:error 
Invalid `prisma.clientPortalNotification.findMany()` invocation in
C:\Users\Mili\OneDrive\Bureau\lvo-web\server\src\db-store.ts:695:37

  692 prisma.crmNotification.findMany({ where: { legacyId: { not: null } }, orderBy: { legacyId: "asc" } }),
  693 prisma.clientPortalMessage.findMany({ where: { legacyId: { not: null } }, orderBy: { legacyId: "asc" } }),
  694 prisma.clientPortalDocument.findMany({ where: { legacyId: { not: null } }, orderBy: { legacyId: "asc" } }),
→ 695 prisma.clientPortalNotification.findMany(
Can't reach database server at `localhost:5433`

Please make sure your database server is running at `localhost:5433`.
prisma:error 
Invalid `prisma.clientContrat.findMany()` invocation in
C:\Users\Mili\OneDrive\Bureau\lvo-web\server\src\db-store.ts:696:26

  693 prisma.clientPortalMessage.findMany({ where: { legacyId: { not: null } }, orderBy: { legacyId: "asc" } }),
  694 prisma.clientPortalDocument.findMany({ where: { legacyId: { not: null } }, orderBy: { legacyId: "asc" } }),
  695 prisma.clientPortalNotification.findMany({ where: { legacyId: { not: null } }, orderBy: { legacyId: "asc" } }),
→ 696 prisma.clientContrat.findMany(
Can't reach database server at `localhost:5433`

Please make sure your database server is running at `localhost:5433`.
prisma:error 
Invalid `prisma.clientIntervention.findMany()` invocation in
C:\Users\Mili\OneDrive\Bureau\lvo-web\server\src\db-store.ts:697:31

  694 prisma.clientPortalDocument.findMany({ where: { legacyId: { not: null } }, orderBy: { legacyId: "asc" } }),
  695 prisma.clientPortalNotification.findMany({ where: { legacyId: { not: null } }, orderBy: { legacyId: "asc" } }),
  696 prisma.clientContrat.findMany({ where: { legacyId: { not: null } }, orderBy: { legacyId: "asc" } }),
→ 697 prisma.clientIntervention.findMany(
Can't reach database server at `localhost:5433`

Please make sure your database server is running at `localhost:5433`.
prisma:error 
Invalid `prisma.clientAlertesConfig.findMany()` invocation in
C:\Users\Mili\OneDrive\Bureau\lvo-web\server\src\db-store.ts:698:32

  695 prisma.clientPortalNotification.findMany({ where: { legacyId: { not: null } }, orderBy: { legacyId: "asc" } }),
  696 prisma.clientContrat.findMany({ where: { legacyId: { not: null } }, orderBy: { legacyId: "asc" } }),
  697 prisma.clientIntervention.findMany({ where: { legacyId: { not: null } }, orderBy: { legacyId: "asc" } }),
→ 698 prisma.clientAlertesConfig.findMany(
Can't reach database server at `localhost:5433`

Please make sure your database server is running at `localhost:5433`.
prisma:error 
Invalid `prisma.mmsRapport.findMany()` invocation in
C:\Users\Mili\OneDrive\Bureau\lvo-web\server\src\db-store.ts:699:23

  696 prisma.clientContrat.findMany({ where: { legacyId: { not: null } }, orderBy: { legacyId: "asc" } }),
  697 prisma.clientIntervention.findMany({ where: { legacyId: { not: null } }, orderBy: { legacyId: "asc" } }),
  698 prisma.clientAlertesConfig.findMany(),
→ 699 prisma.mmsRapport.findMany(
Can't reach database server at `localhost:5433`

Please make sure your database server is running at `localhost:5433`.
prisma:error 
Invalid `prisma.pendingQuontoTransaction.findMany()` invocation in
C:\Users\Mili\OneDrive\Bureau\lvo-web\server\src\db-store.ts:700:37

  697 prisma.clientIntervention.findMany({ where: { legacyId: { not: null } }, orderBy: { legacyId: "asc" } }),
  698 prisma.clientAlertesConfig.findMany(),
  699 prisma.mmsRapport.findMany({ where: { legacyId: { not: null } }, orderBy: { legacyId: "asc" } }),
→ 700 prisma.pendingQuontoTransaction.findMany(
Can't reach database server at `localhost:5433`

Please make sure your database server is running at `localhost:5433`.
prisma:error 
Invalid `prisma.auditLog.findMany()` invocation in
C:\Users\Mili\OneDrive\Bureau\lvo-web\server\src\db-store.ts:701:21

  698 prisma.clientAlertesConfig.findMany(),
  699 prisma.mmsRapport.findMany({ where: { legacyId: { not: null } }, orderBy: { legacyId: "asc" } }),
  700 prisma.pendingQuontoTransaction.findMany({ where: { legacyId: { not: null } }, orderBy: { legacyId: "asc" } }),
→ 701 prisma.auditLog.findMany(
Can't reach database server at `localhost:5433`

Please make sure your database server is running at `localhost:5433`.
prisma:error 
Invalid `prisma.historiqueAnnulation.findMany()` invocation in
C:\Users\Mili\OneDrive\Bureau\lvo-web\server\src\db-store.ts:702:33

  699 prisma.mmsRapport.findMany({ where: { legacyId: { not: null } }, orderBy: { legacyId: "asc" } }),
  700 prisma.pendingQuontoTransaction.findMany({ where: { legacyId: { not: null } }, orderBy: { legacyId: "asc" } }),
  701 prisma.auditLog.findMany({ where: { legacyId: { not: null } }, orderBy: { legacyId: "asc" } }),
→ 702 prisma.historiqueAnnulation.findMany(
Can't reach database server at `localhost:5433`

Please make sure your database server is running at `localhost:5433`.
[store] DB indisponible, fallback snapshot JSON : 
Invalid `prisma.user.findMany()` invocation in
C:\Users\Mili\OneDrive\Bureau\lvo-web\server\src\db-store.ts:680:17

  677   dbContrats, dbInterventions, dbAlertes, dbMms,
  678   dbPendingQ, dbAudit, dbHistorique,
  679 ] = await Promise.all([
→ 680   prisma.user.findMany(
Can't reach database server at `localhost:5433`

Please make sure your database server is running at `localhost:5433`.
[store] Données restaurées depuis postgresql (tables normalisées)
LVO API listening on http://localhost:8080
Comptes démo : admin@lvo-ing.fr / lvo123 (ADMIN), manager@lvo-ing.fr / lvo123 (MANAGER), consultant@ / viewer@ — mot de passe lvo123
22:20:02 [tsx] change in ./src\routes\devis-groupement.ts Restarting...
c[minio] Impossible de vérifier/créer le bucket "lvo-sites" : 
[minio] Impossible de vérifier/créer le bucket "lvo-mms" : 
[minio] Impossible de vérifier/créer le bucket "lvo-client-docs" : 
[minio] Impossible de vérifier/créer le bucket "lvo-documents" : 
prisma:error 
Invalid `prisma.user.findMany()` invocation in
C:\Users\Mili\OneDrive\Bureau\lvo-web\server\src\db-store.ts:680:17

  677   dbContrats, dbInterventions, dbAlertes, dbMms,
  678   dbPendingQ, dbAudit, dbHistorique,
  679 ] = await Promise.all([
→ 680   prisma.user.findMany(
Can't reach database server at `localhost:5433`

Please make sure your database server is running at `localhost:5433`.
prisma:error 
Invalid `prisma.client.findMany()` invocation in
C:\Users\Mili\OneDrive\Bureau\lvo-web\server\src\db-store.ts:681:19

  678   dbPendingQ, dbAudit, dbHistorique,
  679 ] = await Promise.all([
  680   prisma.user.findMany({ where: { legacyId: { not: null } }, orderBy: { legacyId: "asc" } }),
→ 681   prisma.client.findMany(
Can't reach database server at `localhost:5433`

Please make sure your database server is running at `localhost:5433`.
prisma:error 
Invalid `prisma.contact.findMany()` invocation in
C:\Users\Mili\OneDrive\Bureau\lvo-web\server\src\db-store.ts:682:20

  679 ] = await Promise.all([
  680   prisma.user.findMany({ where: { legacyId: { not: null } }, orderBy: { legacyId: "asc" } }),
  681   prisma.client.findMany({ where: { legacyId: { not: null } }, orderBy: { legacyId: "asc" } }),
→ 682   prisma.contact.findMany(
Can't reach database server at `localhost:5433`

Please make sure your database server is running at `localhost:5433`.
prisma:error 
Invalid `prisma.site.findMany()` invocation in
C:\Users\Mili\OneDrive\Bureau\lvo-web\server\src\db-store.ts:683:17

  680 prisma.user.findMany({ where: { legacyId: { not: null } }, orderBy: { legacyId: "asc" } }),
  681 prisma.client.findMany({ where: { legacyId: { not: null } }, orderBy: { legacyId: "asc" } }),
  682 prisma.contact.findMany({ where: { legacyId: { not: null } }, orderBy: { legacyId: "asc" } }),
→ 683 prisma.site.findMany(
Can't reach database server at `localhost:5433`

Please make sure your database server is running at `localhost:5433`.
prisma:error 
Invalid `prisma.siteGestionnaire.findMany()` invocation in
C:\Users\Mili\OneDrive\Bureau\lvo-web\server\src\db-store.ts:684:29

  681 prisma.client.findMany({ where: { legacyId: { not: null } }, orderBy: { legacyId: "asc" } }),
  682 prisma.contact.findMany({ where: { legacyId: { not: null } }, orderBy: { legacyId: "asc" } }),
  683 prisma.site.findMany({ where: { legacyId: { not: null } }, orderBy: { legacyId: "asc" } }),
→ 684 prisma.siteGestionnaire.findMany(
Can't reach database server at `localhost:5433`

Please make sure your database server is running at `localhost:5433`.
prisma:error 
Invalid `prisma.siteEquipement.findMany()` invocation in
C:\Users\Mili\OneDrive\Bureau\lvo-web\server\src\db-store.ts:685:27

  682 prisma.contact.findMany({ where: { legacyId: { not: null } }, orderBy: { legacyId: "asc" } }),
  683 prisma.site.findMany({ where: { legacyId: { not: null } }, orderBy: { legacyId: "asc" } }),
  684 prisma.siteGestionnaire.findMany({ where: { legacyId: { not: null } }, orderBy: { legacyId: "asc" } }),
→ 685 prisma.siteEquipement.findMany(
Can't reach database server at `localhost:5433`

Please make sure your database server is running at `localhost:5433`.
prisma:error 
Invalid `prisma.siteArborescenceNode.findMany()` invocation in
C:\Users\Mili\OneDrive\Bureau\lvo-web\server\src\db-store.ts:686:33

  683 prisma.site.findMany({ where: { legacyId: { not: null } }, orderBy: { legacyId: "asc" } }),
  684 prisma.siteGestionnaire.findMany({ where: { legacyId: { not: null } }, orderBy: { legacyId: "asc" } }),
  685 prisma.siteEquipement.findMany({ where: { legacyId: { not: null } }, orderBy: { legacyId: "asc" } }),
→ 686 prisma.siteArborescenceNode.findMany(
Can't reach database server at `localhost:5433`

Please make sure your database server is running at `localhost:5433`.
prisma:error 
Invalid `prisma.offre.findMany()` invocation in
C:\Users\Mili\OneDrive\Bureau\lvo-web\server\src\db-store.ts:687:18

  684 prisma.siteGestionnaire.findMany({ where: { legacyId: { not: null } }, orderBy: { legacyId: "asc" } }),
  685 prisma.siteEquipement.findMany({ where: { legacyId: { not: null } }, orderBy: { legacyId: "asc" } }),
  686 prisma.siteArborescenceNode.findMany({ where: { legacyId: { not: null } }, orderBy: { legacyId: "asc" } }),
→ 687 prisma.offre.findMany(
Can't reach database server at `localhost:5433`

Please make sure your database server is running at `localhost:5433`.
prisma:error 
Invalid `prisma.commande.findMany()` invocation in
C:\Users\Mili\OneDrive\Bureau\lvo-web\server\src\db-store.ts:688:21

  685 prisma.siteEquipement.findMany({ where: { legacyId: { not: null } }, orderBy: { legacyId: "asc" } }),
  686 prisma.siteArborescenceNode.findMany({ where: { legacyId: { not: null } }, orderBy: { legacyId: "asc" } }),
  687 prisma.offre.findMany({ where: { legacyId: { not: null } }, orderBy: { legacyId: "asc" } }),
→ 688 prisma.commande.findMany(
Can't reach database server at `localhost:5433`

Please make sure your database server is running at `localhost:5433`.
prisma:error 
Invalid `prisma.facture.findMany()` invocation in
C:\Users\Mili\OneDrive\Bureau\lvo-web\server\src\db-store.ts:689:20

  686 prisma.siteArborescenceNode.findMany({ where: { legacyId: { not: null } }, orderBy: { legacyId: "asc" } }),
  687 prisma.offre.findMany({ where: { legacyId: { not: null } }, orderBy: { legacyId: "asc" } }),
  688 prisma.commande.findMany({ where: { legacyId: { not: null } }, orderBy: { legacyId: "asc" } }),
→ 689 prisma.facture.findMany(
Can't reach database server at `localhost:5433`

Please make sure your database server is running at `localhost:5433`.
prisma:error 
Invalid `prisma.avoir.findMany()` invocation in
C:\Users\Mili\OneDrive\Bureau\lvo-web\server\src\db-store.ts:690:18

  687 prisma.offre.findMany({ where: { legacyId: { not: null } }, orderBy: { legacyId: "asc" } }),
  688 prisma.commande.findMany({ where: { legacyId: { not: null } }, orderBy: { legacyId: "asc" } }),
  689 prisma.facture.findMany({ where: { legacyId: { not: null } }, orderBy: { legacyId: "asc" } }),
→ 690 prisma.avoir.findMany(
Can't reach database server at `localhost:5433`

Please make sure your database server is running at `localhost:5433`.
prisma:error 
Invalid `prisma.crmTask.findMany()` invocation in
C:\Users\Mili\OneDrive\Bureau\lvo-web\server\src\db-store.ts:691:20

  688 prisma.commande.findMany({ where: { legacyId: { not: null } }, orderBy: { legacyId: "asc" } }),
  689 prisma.facture.findMany({ where: { legacyId: { not: null } }, orderBy: { legacyId: "asc" } }),
  690 prisma.avoir.findMany({ where: { legacyId: { not: null } }, orderBy: { legacyId: "asc" } }),
→ 691 prisma.crmTask.findMany(
Can't reach database server at `localhost:5433`

Please make sure your database server is running at `localhost:5433`.
prisma:error 
Invalid `prisma.crmNotification.findMany()` invocation in
C:\Users\Mili\OneDrive\Bureau\lvo-web\server\src\db-store.ts:692:28

  689 prisma.facture.findMany({ where: { legacyId: { not: null } }, orderBy: { legacyId: "asc" } }),
  690 prisma.avoir.findMany({ where: { legacyId: { not: null } }, orderBy: { legacyId: "asc" } }),
  691 prisma.crmTask.findMany({ where: { legacyId: { not: null } }, orderBy: { legacyId: "asc" } }),
→ 692 prisma.crmNotification.findMany(
Can't reach database server at `localhost:5433`

Please make sure your database server is running at `localhost:5433`.
prisma:error 
Invalid `prisma.clientPortalMessage.findMany()` invocation in
C:\Users\Mili\OneDrive\Bureau\lvo-web\server\src\db-store.ts:693:32

  690 prisma.avoir.findMany({ where: { legacyId: { not: null } }, orderBy: { legacyId: "asc" } }),
  691 prisma.crmTask.findMany({ where: { legacyId: { not: null } }, orderBy: { legacyId: "asc" } }),
  692 prisma.crmNotification.findMany({ where: { legacyId: { not: null } }, orderBy: { legacyId: "asc" } }),
→ 693 prisma.clientPortalMessage.findMany(
Can't reach database server at `localhost:5433`

Please make sure your database server is running at `localhost:5433`.
prisma:error 
Invalid `prisma.clientPortalDocument.findMany()` invocation in
C:\Users\Mili\OneDrive\Bureau\lvo-web\server\src\db-store.ts:694:33

  691 prisma.crmTask.findMany({ where: { legacyId: { not: null } }, orderBy: { legacyId: "asc" } }),
  692 prisma.crmNotification.findMany({ where: { legacyId: { not: null } }, orderBy: { legacyId: "asc" } }),
  693 prisma.clientPortalMessage.findMany({ where: { legacyId: { not: null } }, orderBy: { legacyId: "asc" } }),
→ 694 prisma.clientPortalDocument.findMany(
Can't reach database server at `localhost:5433`

Please make sure your database server is running at `localhost:5433`.
prisma:error 
Invalid `prisma.clientPortalNotification.findMany()` invocation in
C:\Users\Mili\OneDrive\Bureau\lvo-web\server\src\db-store.ts:695:37

  692 prisma.crmNotification.findMany({ where: { legacyId: { not: null } }, orderBy: { legacyId: "asc" } }),
  693 prisma.clientPortalMessage.findMany({ where: { legacyId: { not: null } }, orderBy: { legacyId: "asc" } }),
  694 prisma.clientPortalDocument.findMany({ where: { legacyId: { not: null } }, orderBy: { legacyId: "asc" } }),
→ 695 prisma.clientPortalNotification.findMany(
Can't reach database server at `localhost:5433`

Please make sure your database server is running at `localhost:5433`.
prisma:error 
Invalid `prisma.clientContrat.findMany()` invocation in
C:\Users\Mili\OneDrive\Bureau\lvo-web\server\src\db-store.ts:696:26

  693 prisma.clientPortalMessage.findMany({ where: { legacyId: { not: null } }, orderBy: { legacyId: "asc" } }),
  694 prisma.clientPortalDocument.findMany({ where: { legacyId: { not: null } }, orderBy: { legacyId: "asc" } }),
  695 prisma.clientPortalNotification.findMany({ where: { legacyId: { not: null } }, orderBy: { legacyId: "asc" } }),
→ 696 prisma.clientContrat.findMany(
Can't reach database server at `localhost:5433`

Please make sure your database server is running at `localhost:5433`.
prisma:error 
Invalid `prisma.clientIntervention.findMany()` invocation in
C:\Users\Mili\OneDrive\Bureau\lvo-web\server\src\db-store.ts:697:31

  694 prisma.clientPortalDocument.findMany({ where: { legacyId: { not: null } }, orderBy: { legacyId: "asc" } }),
  695 prisma.clientPortalNotification.findMany({ where: { legacyId: { not: null } }, orderBy: { legacyId: "asc" } }),
  696 prisma.clientContrat.findMany({ where: { legacyId: { not: null } }, orderBy: { legacyId: "asc" } }),
→ 697 prisma.clientIntervention.findMany(
Can't reach database server at `localhost:5433`

Please make sure your database server is running at `localhost:5433`.
prisma:error 
Invalid `prisma.clientAlertesConfig.findMany()` invocation in
C:\Users\Mili\OneDrive\Bureau\lvo-web\server\src\db-store.ts:698:32

  695 prisma.clientPortalNotification.findMany({ where: { legacyId: { not: null } }, orderBy: { legacyId: "asc" } }),
  696 prisma.clientContrat.findMany({ where: { legacyId: { not: null } }, orderBy: { legacyId: "asc" } }),
  697 prisma.clientIntervention.findMany({ where: { legacyId: { not: null } }, orderBy: { legacyId: "asc" } }),
→ 698 prisma.clientAlertesConfig.findMany(
Can't reach database server at `localhost:5433`

Please make sure your database server is running at `localhost:5433`.
prisma:error 
Invalid `prisma.mmsRapport.findMany()` invocation in
C:\Users\Mili\OneDrive\Bureau\lvo-web\server\src\db-store.ts:699:23

  696 prisma.clientContrat.findMany({ where: { legacyId: { not: null } }, orderBy: { legacyId: "asc" } }),
  697 prisma.clientIntervention.findMany({ where: { legacyId: { not: null } }, orderBy: { legacyId: "asc" } }),
  698 prisma.clientAlertesConfig.findMany(),
→ 699 prisma.mmsRapport.findMany(
Can't reach database server at `localhost:5433`

Please make sure your database server is running at `localhost:5433`.
prisma:error 
Invalid `prisma.pendingQuontoTransaction.findMany()` invocation in
C:\Users\Mili\OneDrive\Bureau\lvo-web\server\src\db-store.ts:700:37

  697 prisma.clientIntervention.findMany({ where: { legacyId: { not: null } }, orderBy: { legacyId: "asc" } }),
  698 prisma.clientAlertesConfig.findMany(),
  699 prisma.mmsRapport.findMany({ where: { legacyId: { not: null } }, orderBy: { legacyId: "asc" } }),
→ 700 prisma.pendingQuontoTransaction.findMany(
Can't reach database server at `localhost:5433`

Please make sure your database server is running at `localhost:5433`.
prisma:error 
Invalid `prisma.auditLog.findMany()` invocation in
C:\Users\Mili\OneDrive\Bureau\lvo-web\server\src\db-store.ts:701:21

  698 prisma.clientAlertesConfig.findMany(),
  699 prisma.mmsRapport.findMany({ where: { legacyId: { not: null } }, orderBy: { legacyId: "asc" } }),
  700 prisma.pendingQuontoTransaction.findMany({ where: { legacyId: { not: null } }, orderBy: { legacyId: "asc" } }),
→ 701 prisma.auditLog.findMany(
Can't reach database server at `localhost:5433`

Please make sure your database server is running at `localhost:5433`.
prisma:error 
Invalid `prisma.historiqueAnnulation.findMany()` invocation in
C:\Users\Mili\OneDrive\Bureau\lvo-web\server\src\db-store.ts:702:33

  699 prisma.mmsRapport.findMany({ where: { legacyId: { not: null } }, orderBy: { legacyId: "asc" } }),
  700 prisma.pendingQuontoTransaction.findMany({ where: { legacyId: { not: null } }, orderBy: { legacyId: "asc" } }),
  701 prisma.auditLog.findMany({ where: { legacyId: { not: null } }, orderBy: { legacyId: "asc" } }),
→ 702 prisma.historiqueAnnulation.findMany(
Can't reach database server at `localhost:5433`

Please make sure your database server is running at `localhost:5433`.
[store] DB indisponible, fallback snapshot JSON : 
Invalid `prisma.user.findMany()` invocation in
C:\Users\Mili\OneDrive\Bureau\lvo-web\server\src\db-store.ts:680:17

  677   dbContrats, dbInterventions, dbAlertes, dbMms,
  678   dbPendingQ, dbAudit, dbHistorique,
  679 ] = await Promise.all([
→ 680   prisma.user.findMany(
Can't reach database server at `localhost:5433`

Please make sure your database server is running at `localhost:5433`.
[store] Données restaurées depuis postgresql (tables normalisées)
LVO API listening on http://localhost:8080
Comptes démo : admin@lvo-ing.fr / lvo123 (ADMIN), manager@lvo-ing.fr / lvo123 (MANAGER), consultant@ / viewer@ — mot de passe lvo123
22:20:46 [tsx] change in ./src\index.ts Restarting...
c[minio] Impossible de vérifier/créer le bucket "lvo-sites" : 
[minio] Impossible de vérifier/créer le bucket "lvo-mms" : 
[minio] Impossible de vérifier/créer le bucket "lvo-client-docs" : 
[minio] Impossible de vérifier/créer le bucket "lvo-documents" : 
prisma:error 
Invalid `prisma.user.findMany()` invocation in
C:\Users\Mili\OneDrive\Bureau\lvo-web\server\src\db-store.ts:680:17

  677   dbContrats, dbInterventions, dbAlertes, dbMms,
  678   dbPendingQ, dbAudit, dbHistorique,
  679 ] = await Promise.all([
→ 680   prisma.user.findMany(
Can't reach database server at `localhost:5433`

Please make sure your database server is running at `localhost:5433`.
prisma:error 
Invalid `prisma.client.findMany()` invocation in
C:\Users\Mili\OneDrive\Bureau\lvo-web\server\src\db-store.ts:681:19

  678   dbPendingQ, dbAudit, dbHistorique,
  679 ] = await Promise.all([
  680   prisma.user.findMany({ where: { legacyId: { not: null } }, orderBy: { legacyId: "asc" } }),
→ 681   prisma.client.findMany(
Can't reach database server at `localhost:5433`

Please make sure your database server is running at `localhost:5433`.
prisma:error 
Invalid `prisma.contact.findMany()` invocation in
C:\Users\Mili\OneDrive\Bureau\lvo-web\server\src\db-store.ts:682:20

  679 ] = await Promise.all([
  680   prisma.user.findMany({ where: { legacyId: { not: null } }, orderBy: { legacyId: "asc" } }),
  681   prisma.client.findMany({ where: { legacyId: { not: null } }, orderBy: { legacyId: "asc" } }),
→ 682   prisma.contact.findMany(
Can't reach database server at `localhost:5433`

Please make sure your database server is running at `localhost:5433`.
prisma:error 
Invalid `prisma.site.findMany()` invocation in
C:\Users\Mili\OneDrive\Bureau\lvo-web\server\src\db-store.ts:683:17

  680 prisma.user.findMany({ where: { legacyId: { not: null } }, orderBy: { legacyId: "asc" } }),
  681 prisma.client.findMany({ where: { legacyId: { not: null } }, orderBy: { legacyId: "asc" } }),
  682 prisma.contact.findMany({ where: { legacyId: { not: null } }, orderBy: { legacyId: "asc" } }),
→ 683 prisma.site.findMany(
Can't reach database server at `localhost:5433`

Please make sure your database server is running at `localhost:5433`.
prisma:error 
Invalid `prisma.siteGestionnaire.findMany()` invocation in
C:\Users\Mili\OneDrive\Bureau\lvo-web\server\src\db-store.ts:684:29

  681 prisma.client.findMany({ where: { legacyId: { not: null } }, orderBy: { legacyId: "asc" } }),
  682 prisma.contact.findMany({ where: { legacyId: { not: null } }, orderBy: { legacyId: "asc" } }),
  683 prisma.site.findMany({ where: { legacyId: { not: null } }, orderBy: { legacyId: "asc" } }),
→ 684 prisma.siteGestionnaire.findMany(
Can't reach database server at `localhost:5433`

Please make sure your database server is running at `localhost:5433`.
prisma:error 
Invalid `prisma.siteEquipement.findMany()` invocation in
C:\Users\Mili\OneDrive\Bureau\lvo-web\server\src\db-store.ts:685:27

  682 prisma.contact.findMany({ where: { legacyId: { not: null } }, orderBy: { legacyId: "asc" } }),
  683 prisma.site.findMany({ where: { legacyId: { not: null } }, orderBy: { legacyId: "asc" } }),
  684 prisma.siteGestionnaire.findMany({ where: { legacyId: { not: null } }, orderBy: { legacyId: "asc" } }),
→ 685 prisma.siteEquipement.findMany(
Can't reach database server at `localhost:5433`

Please make sure your database server is running at `localhost:5433`.
prisma:error 
Invalid `prisma.siteArborescenceNode.findMany()` invocation in
C:\Users\Mili\OneDrive\Bureau\lvo-web\server\src\db-store.ts:686:33

  683 prisma.site.findMany({ where: { legacyId: { not: null } }, orderBy: { legacyId: "asc" } }),
  684 prisma.siteGestionnaire.findMany({ where: { legacyId: { not: null } }, orderBy: { legacyId: "asc" } }),
  685 prisma.siteEquipement.findMany({ where: { legacyId: { not: null } }, orderBy: { legacyId: "asc" } }),
→ 686 prisma.siteArborescenceNode.findMany(
Can't reach database server at `localhost:5433`

Please make sure your database server is running at `localhost:5433`.
prisma:error 
Invalid `prisma.offre.findMany()` invocation in
C:\Users\Mili\OneDrive\Bureau\lvo-web\server\src\db-store.ts:687:18

  684 prisma.siteGestionnaire.findMany({ where: { legacyId: { not: null } }, orderBy: { legacyId: "asc" } }),
  685 prisma.siteEquipement.findMany({ where: { legacyId: { not: null } }, orderBy: { legacyId: "asc" } }),
  686 prisma.siteArborescenceNode.findMany({ where: { legacyId: { not: null } }, orderBy: { legacyId: "asc" } }),
→ 687 prisma.offre.findMany(
Can't reach database server at `localhost:5433`

Please make sure your database server is running at `localhost:5433`.
prisma:error 
Invalid `prisma.commande.findMany()` invocation in
C:\Users\Mili\OneDrive\Bureau\lvo-web\server\src\db-store.ts:688:21

  685 prisma.siteEquipement.findMany({ where: { legacyId: { not: null } }, orderBy: { legacyId: "asc" } }),
  686 prisma.siteArborescenceNode.findMany({ where: { legacyId: { not: null } }, orderBy: { legacyId: "asc" } }),
  687 prisma.offre.findMany({ where: { legacyId: { not: null } }, orderBy: { legacyId: "asc" } }),
→ 688 prisma.commande.findMany(
Can't reach database server at `localhost:5433`

Please make sure your database server is running at `localhost:5433`.
prisma:error 
Invalid `prisma.facture.findMany()` invocation in
C:\Users\Mili\OneDrive\Bureau\lvo-web\server\src\db-store.ts:689:20

  686 prisma.siteArborescenceNode.findMany({ where: { legacyId: { not: null } }, orderBy: { legacyId: "asc" } }),
  687 prisma.offre.findMany({ where: { legacyId: { not: null } }, orderBy: { legacyId: "asc" } }),
  688 prisma.commande.findMany({ where: { legacyId: { not: null } }, orderBy: { legacyId: "asc" } }),
→ 689 prisma.facture.findMany(
Can't reach database server at `localhost:5433`

Please make sure your database server is running at `localhost:5433`.
prisma:error 
Invalid `prisma.avoir.findMany()` invocation in
C:\Users\Mili\OneDrive\Bureau\lvo-web\server\src\db-store.ts:690:18

  687 prisma.offre.findMany({ where: { legacyId: { not: null } }, orderBy: { legacyId: "asc" } }),
  688 prisma.commande.findMany({ where: { legacyId: { not: null } }, orderBy: { legacyId: "asc" } }),
  689 prisma.facture.findMany({ where: { legacyId: { not: null } }, orderBy: { legacyId: "asc" } }),
→ 690 prisma.avoir.findMany(
Can't reach database server at `localhost:5433`

Please make sure your database server is running at `localhost:5433`.
prisma:error 
Invalid `prisma.crmTask.findMany()` invocation in
C:\Users\Mili\OneDrive\Bureau\lvo-web\server\src\db-store.ts:691:20

  688 prisma.commande.findMany({ where: { legacyId: { not: null } }, orderBy: { legacyId: "asc" } }),
  689 prisma.facture.findMany({ where: { legacyId: { not: null } }, orderBy: { legacyId: "asc" } }),
  690 prisma.avoir.findMany({ where: { legacyId: { not: null } }, orderBy: { legacyId: "asc" } }),
→ 691 prisma.crmTask.findMany(
Can't reach database server at `localhost:5433`

Please make sure your database server is running at `localhost:5433`.
prisma:error 
Invalid `prisma.crmNotification.findMany()` invocation in
C:\Users\Mili\OneDrive\Bureau\lvo-web\server\src\db-store.ts:692:28

  689 prisma.facture.findMany({ where: { legacyId: { not: null } }, orderBy: { legacyId: "asc" } }),
  690 prisma.avoir.findMany({ where: { legacyId: { not: null } }, orderBy: { legacyId: "asc" } }),
  691 prisma.crmTask.findMany({ where: { legacyId: { not: null } }, orderBy: { legacyId: "asc" } }),
→ 692 prisma.crmNotification.findMany(
Can't reach database server at `localhost:5433`

Please make sure your database server is running at `localhost:5433`.
prisma:error 
Invalid `prisma.clientPortalMessage.findMany()` invocation in
C:\Users\Mili\OneDrive\Bureau\lvo-web\server\src\db-store.ts:693:32

  690 prisma.avoir.findMany({ where: { legacyId: { not: null } }, orderBy: { legacyId: "asc" } }),
  691 prisma.crmTask.findMany({ where: { legacyId: { not: null } }, orderBy: { legacyId: "asc" } }),
  692 prisma.crmNotification.findMany({ where: { legacyId: { not: null } }, orderBy: { legacyId: "asc" } }),
→ 693 prisma.clientPortalMessage.findMany(
Can't reach database server at `localhost:5433`

Please make sure your database server is running at `localhost:5433`.
prisma:error 
Invalid `prisma.clientPortalDocument.findMany()` invocation in
C:\Users\Mili\OneDrive\Bureau\lvo-web\server\src\db-store.ts:694:33

  691 prisma.crmTask.findMany({ where: { legacyId: { not: null } }, orderBy: { legacyId: "asc" } }),
  692 prisma.crmNotification.findMany({ where: { legacyId: { not: null } }, orderBy: { legacyId: "asc" } }),
  693 prisma.clientPortalMessage.findMany({ where: { legacyId: { not: null } }, orderBy: { legacyId: "asc" } }),
→ 694 prisma.clientPortalDocument.findMany(
Can't reach database server at `localhost:5433`

Please make sure your database server is running at `localhost:5433`.
prisma:error 
Invalid `prisma.clientPortalNotification.findMany()` invocation in
C:\Users\Mili\OneDrive\Bureau\lvo-web\server\src\db-store.ts:695:37

  692 prisma.crmNotification.findMany({ where: { legacyId: { not: null } }, orderBy: { legacyId: "asc" } }),
  693 prisma.clientPortalMessage.findMany({ where: { legacyId: { not: null } }, orderBy: { legacyId: "asc" } }),
  694 prisma.clientPortalDocument.findMany({ where: { legacyId: { not: null } }, orderBy: { legacyId: "asc" } }),
→ 695 prisma.clientPortalNotification.findMany(
Can't reach database server at `localhost:5433`

Please make sure your database server is running at `localhost:5433`.
prisma:error 
Invalid `prisma.clientContrat.findMany()` invocation in
C:\Users\Mili\OneDrive\Bureau\lvo-web\server\src\db-store.ts:696:26

  693 prisma.clientPortalMessage.findMany({ where: { legacyId: { not: null } }, orderBy: { legacyId: "asc" } }),
  694 prisma.clientPortalDocument.findMany({ where: { legacyId: { not: null } }, orderBy: { legacyId: "asc" } }),
  695 prisma.clientPortalNotification.findMany({ where: { legacyId: { not: null } }, orderBy: { legacyId: "asc" } }),
→ 696 prisma.clientContrat.findMany(
Can't reach database server at `localhost:5433`

Please make sure your database server is running at `localhost:5433`.
prisma:error 
Invalid `prisma.clientIntervention.findMany()` invocation in
C:\Users\Mili\OneDrive\Bureau\lvo-web\server\src\db-store.ts:697:31

  694 prisma.clientPortalDocument.findMany({ where: { legacyId: { not: null } }, orderBy: { legacyId: "asc" } }),
  695 prisma.clientPortalNotification.findMany({ where: { legacyId: { not: null } }, orderBy: { legacyId: "asc" } }),
  696 prisma.clientContrat.findMany({ where: { legacyId: { not: null } }, orderBy: { legacyId: "asc" } }),
→ 697 prisma.clientIntervention.findMany(
Can't reach database server at `localhost:5433`

Please make sure your database server is running at `localhost:5433`.
prisma:error 
Invalid `prisma.clientAlertesConfig.findMany()` invocation in
C:\Users\Mili\OneDrive\Bureau\lvo-web\server\src\db-store.ts:698:32

  695 prisma.clientPortalNotification.findMany({ where: { legacyId: { not: null } }, orderBy: { legacyId: "asc" } }),
  696 prisma.clientContrat.findMany({ where: { legacyId: { not: null } }, orderBy: { legacyId: "asc" } }),
  697 prisma.clientIntervention.findMany({ where: { legacyId: { not: null } }, orderBy: { legacyId: "asc" } }),
→ 698 prisma.clientAlertesConfig.findMany(
Can't reach database server at `localhost:5433`

Please make sure your database server is running at `localhost:5433`.
prisma:error 
Invalid `prisma.mmsRapport.findMany()` invocation in
C:\Users\Mili\OneDrive\Bureau\lvo-web\server\src\db-store.ts:699:23

  696 prisma.clientContrat.findMany({ where: { legacyId: { not: null } }, orderBy: { legacyId: "asc" } }),
  697 prisma.clientIntervention.findMany({ where: { legacyId: { not: null } }, orderBy: { legacyId: "asc" } }),
  698 prisma.clientAlertesConfig.findMany(),
→ 699 prisma.mmsRapport.findMany(
Can't reach database server at `localhost:5433`

Please make sure your database server is running at `localhost:5433`.
prisma:error 
Invalid `prisma.pendingQuontoTransaction.findMany()` invocation in
C:\Users\Mili\OneDrive\Bureau\lvo-web\server\src\db-store.ts:700:37

  697 prisma.clientIntervention.findMany({ where: { legacyId: { not: null } }, orderBy: { legacyId: "asc" } }),
  698 prisma.clientAlertesConfig.findMany(),
  699 prisma.mmsRapport.findMany({ where: { legacyId: { not: null } }, orderBy: { legacyId: "asc" } }),
→ 700 prisma.pendingQuontoTransaction.findMany(
Can't reach database server at `localhost:5433`

Please make sure your database server is running at `localhost:5433`.
prisma:error 
Invalid `prisma.auditLog.findMany()` invocation in
C:\Users\Mili\OneDrive\Bureau\lvo-web\server\src\db-store.ts:701:21

  698 prisma.clientAlertesConfig.findMany(),
  699 prisma.mmsRapport.findMany({ where: { legacyId: { not: null } }, orderBy: { legacyId: "asc" } }),
  700 prisma.pendingQuontoTransaction.findMany({ where: { legacyId: { not: null } }, orderBy: { legacyId: "asc" } }),
→ 701 prisma.auditLog.findMany(
Can't reach database server at `localhost:5433`

Please make sure your database server is running at `localhost:5433`.
prisma:error 
Invalid `prisma.historiqueAnnulation.findMany()` invocation in
C:\Users\Mili\OneDrive\Bureau\lvo-web\server\src\db-store.ts:702:33

  699 prisma.mmsRapport.findMany({ where: { legacyId: { not: null } }, orderBy: { legacyId: "asc" } }),
  700 prisma.pendingQuontoTransaction.findMany({ where: { legacyId: { not: null } }, orderBy: { legacyId: "asc" } }),
  701 prisma.auditLog.findMany({ where: { legacyId: { not: null } }, orderBy: { legacyId: "asc" } }),
→ 702 prisma.historiqueAnnulation.findMany(
Can't reach database server at `localhost:5433`

Please make sure your database server is running at `localhost:5433`.
[store] DB indisponible, fallback snapshot JSON : 
Invalid `prisma.user.findMany()` invocation in
C:\Users\Mili\OneDrive\Bureau\lvo-web\server\src\db-store.ts:680:17

  677   dbContrats, dbInterventions, dbAlertes, dbMms,
  678   dbPendingQ, dbAudit, dbHistorique,
  679 ] = await Promise.all([
→ 680   prisma.user.findMany(
Can't reach database server at `localhost:5433`

Please make sure your database server is running at `localhost:5433`.
[store] Données restaurées depuis postgresql (tables normalisées)
LVO API listening on http://localhost:8080
Comptes démo : admin@lvo-ing.fr / lvo123 (ADMIN), manager@lvo-ing.fr / lvo123 (MANAGER), consultant@ / viewer@ — mot de passe lvo123
22:21:12 [tsx] change in ./src\index.ts Restarting...
c[minio] Impossible de vérifier/créer le bucket "lvo-sites" : 
[minio] Impossible de vérifier/créer le bucket "lvo-mms" : 
[minio] Impossible de vérifier/créer le bucket "lvo-client-docs" : 
[minio] Impossible de vérifier/créer le bucket "lvo-documents" : 
prisma:error 
Invalid `prisma.user.findMany()` invocation in
C:\Users\Mili\OneDrive\Bureau\lvo-web\server\src\db-store.ts:680:17

  677   dbContrats, dbInterventions, dbAlertes, dbMms,
  678   dbPendingQ, dbAudit, dbHistorique,
  679 ] = await Promise.all([
→ 680   prisma.user.findMany(
Can't reach database server at `localhost:5433`

Please make sure your database server is running at `localhost:5433`.
prisma:error 
Invalid `prisma.client.findMany()` invocation in
C:\Users\Mili\OneDrive\Bureau\lvo-web\server\src\db-store.ts:681:19

  678   dbPendingQ, dbAudit, dbHistorique,
  679 ] = await Promise.all([
  680   prisma.user.findMany({ where: { legacyId: { not: null } }, orderBy: { legacyId: "asc" } }),
→ 681   prisma.client.findMany(
Can't reach database server at `localhost:5433`

Please make sure your database server is running at `localhost:5433`.
prisma:error 
Invalid `prisma.contact.findMany()` invocation in
C:\Users\Mili\OneDrive\Bureau\lvo-web\server\src\db-store.ts:682:20

  679 ] = await Promise.all([
  680   prisma.user.findMany({ where: { legacyId: { not: null } }, orderBy: { legacyId: "asc" } }),
  681   prisma.client.findMany({ where: { legacyId: { not: null } }, orderBy: { legacyId: "asc" } }),
→ 682   prisma.contact.findMany(
Can't reach database server at `localhost:5433`

Please make sure your database server is running at `localhost:5433`.
prisma:error 
Invalid `prisma.site.findMany()` invocation in
C:\Users\Mili\OneDrive\Bureau\lvo-web\server\src\db-store.ts:683:17

  680 prisma.user.findMany({ where: { legacyId: { not: null } }, orderBy: { legacyId: "asc" } }),
  681 prisma.client.findMany({ where: { legacyId: { not: null } }, orderBy: { legacyId: "asc" } }),
  682 prisma.contact.findMany({ where: { legacyId: { not: null } }, orderBy: { legacyId: "asc" } }),
→ 683 prisma.site.findMany(
Can't reach database server at `localhost:5433`

Please make sure your database server is running at `localhost:5433`.
prisma:error 
Invalid `prisma.siteGestionnaire.findMany()` invocation in
C:\Users\Mili\OneDrive\Bureau\lvo-web\server\src\db-store.ts:684:29

  681 prisma.client.findMany({ where: { legacyId: { not: null } }, orderBy: { legacyId: "asc" } }),
  682 prisma.contact.findMany({ where: { legacyId: { not: null } }, orderBy: { legacyId: "asc" } }),
  683 prisma.site.findMany({ where: { legacyId: { not: null } }, orderBy: { legacyId: "asc" } }),
→ 684 prisma.siteGestionnaire.findMany(
Can't reach database server at `localhost:5433`

Please make sure your database server is running at `localhost:5433`.
prisma:error 
Invalid `prisma.siteEquipement.findMany()` invocation in
C:\Users\Mili\OneDrive\Bureau\lvo-web\server\src\db-store.ts:685:27

  682 prisma.contact.findMany({ where: { legacyId: { not: null } }, orderBy: { legacyId: "asc" } }),
  683 prisma.site.findMany({ where: { legacyId: { not: null } }, orderBy: { legacyId: "asc" } }),
  684 prisma.siteGestionnaire.findMany({ where: { legacyId: { not: null } }, orderBy: { legacyId: "asc" } }),
→ 685 prisma.siteEquipement.findMany(
Can't reach database server at `localhost:5433`

Please make sure your database server is running at `localhost:5433`.
prisma:error 
Invalid `prisma.siteArborescenceNode.findMany()` invocation in
C:\Users\Mili\OneDrive\Bureau\lvo-web\server\src\db-store.ts:686:33

  683 prisma.site.findMany({ where: { legacyId: { not: null } }, orderBy: { legacyId: "asc" } }),
  684 prisma.siteGestionnaire.findMany({ where: { legacyId: { not: null } }, orderBy: { legacyId: "asc" } }),
  685 prisma.siteEquipement.findMany({ where: { legacyId: { not: null } }, orderBy: { legacyId: "asc" } }),
→ 686 prisma.siteArborescenceNode.findMany(
Can't reach database server at `localhost:5433`

Please make sure your database server is running at `localhost:5433`.
prisma:error 
Invalid `prisma.offre.findMany()` invocation in
C:\Users\Mili\OneDrive\Bureau\lvo-web\server\src\db-store.ts:687:18

  684 prisma.siteGestionnaire.findMany({ where: { legacyId: { not: null } }, orderBy: { legacyId: "asc" } }),
  685 prisma.siteEquipement.findMany({ where: { legacyId: { not: null } }, orderBy: { legacyId: "asc" } }),
  686 prisma.siteArborescenceNode.findMany({ where: { legacyId: { not: null } }, orderBy: { legacyId: "asc" } }),
→ 687 prisma.offre.findMany(
Can't reach database server at `localhost:5433`

Please make sure your database server is running at `localhost:5433`.
prisma:error 
Invalid `prisma.commande.findMany()` invocation in
C:\Users\Mili\OneDrive\Bureau\lvo-web\server\src\db-store.ts:688:21

  685 prisma.siteEquipement.findMany({ where: { legacyId: { not: null } }, orderBy: { legacyId: "asc" } }),
  686 prisma.siteArborescenceNode.findMany({ where: { legacyId: { not: null } }, orderBy: { legacyId: "asc" } }),
  687 prisma.offre.findMany({ where: { legacyId: { not: null } }, orderBy: { legacyId: "asc" } }),
→ 688 prisma.commande.findMany(
Can't reach database server at `localhost:5433`

Please make sure your database server is running at `localhost:5433`.
prisma:error 
Invalid `prisma.facture.findMany()` invocation in
C:\Users\Mili\OneDrive\Bureau\lvo-web\server\src\db-store.ts:689:20

  686 prisma.siteArborescenceNode.findMany({ where: { legacyId: { not: null } }, orderBy: { legacyId: "asc" } }),
  687 prisma.offre.findMany({ where: { legacyId: { not: null } }, orderBy: { legacyId: "asc" } }),
  688 prisma.commande.findMany({ where: { legacyId: { not: null } }, orderBy: { legacyId: "asc" } }),
→ 689 prisma.facture.findMany(
Can't reach database server at `localhost:5433`

Please make sure your database server is running at `localhost:5433`.
prisma:error 
Invalid `prisma.avoir.findMany()` invocation in
C:\Users\Mili\OneDrive\Bureau\lvo-web\server\src\db-store.ts:690:18

  687 prisma.offre.findMany({ where: { legacyId: { not: null } }, orderBy: { legacyId: "asc" } }),
  688 prisma.commande.findMany({ where: { legacyId: { not: null } }, orderBy: { legacyId: "asc" } }),
  689 prisma.facture.findMany({ where: { legacyId: { not: null } }, orderBy: { legacyId: "asc" } }),
→ 690 prisma.avoir.findMany(
Can't reach database server at `localhost:5433`

Please make sure your database server is running at `localhost:5433`.
prisma:error 
Invalid `prisma.crmTask.findMany()` invocation in
C:\Users\Mili\OneDrive\Bureau\lvo-web\server\src\db-store.ts:691:20

  688 prisma.commande.findMany({ where: { legacyId: { not: null } }, orderBy: { legacyId: "asc" } }),
  689 prisma.facture.findMany({ where: { legacyId: { not: null } }, orderBy: { legacyId: "asc" } }),
  690 prisma.avoir.findMany({ where: { legacyId: { not: null } }, orderBy: { legacyId: "asc" } }),
→ 691 prisma.crmTask.findMany(
Can't reach database server at `localhost:5433`

Please make sure your database server is running at `localhost:5433`.
prisma:error 
Invalid `prisma.crmNotification.findMany()` invocation in
C:\Users\Mili\OneDrive\Bureau\lvo-web\server\src\db-store.ts:692:28

  689 prisma.facture.findMany({ where: { legacyId: { not: null } }, orderBy: { legacyId: "asc" } }),
  690 prisma.avoir.findMany({ where: { legacyId: { not: null } }, orderBy: { legacyId: "asc" } }),
  691 prisma.crmTask.findMany({ where: { legacyId: { not: null } }, orderBy: { legacyId: "asc" } }),
→ 692 prisma.crmNotification.findMany(
Can't reach database server at `localhost:5433`

Please make sure your database server is running at `localhost:5433`.
prisma:error 
Invalid `prisma.clientPortalMessage.findMany()` invocation in
C:\Users\Mili\OneDrive\Bureau\lvo-web\server\src\db-store.ts:693:32

  690 prisma.avoir.findMany({ where: { legacyId: { not: null } }, orderBy: { legacyId: "asc" } }),
  691 prisma.crmTask.findMany({ where: { legacyId: { not: null } }, orderBy: { legacyId: "asc" } }),
  692 prisma.crmNotification.findMany({ where: { legacyId: { not: null } }, orderBy: { legacyId: "asc" } }),
→ 693 prisma.clientPortalMessage.findMany(
Can't reach database server at `localhost:5433`

Please make sure your database server is running at `localhost:5433`.
prisma:error 
Invalid `prisma.clientPortalDocument.findMany()` invocation in
C:\Users\Mili\OneDrive\Bureau\lvo-web\server\src\db-store.ts:694:33

  691 prisma.crmTask.findMany({ where: { legacyId: { not: null } }, orderBy: { legacyId: "asc" } }),
  692 prisma.crmNotification.findMany({ where: { legacyId: { not: null } }, orderBy: { legacyId: "asc" } }),
  693 prisma.clientPortalMessage.findMany({ where: { legacyId: { not: null } }, orderBy: { legacyId: "asc" } }),
→ 694 prisma.clientPortalDocument.findMany(
Can't reach database server at `localhost:5433`

Please make sure your database server is running at `localhost:5433`.
prisma:error 
Invalid `prisma.clientPortalNotification.findMany()` invocation in
C:\Users\Mili\OneDrive\Bureau\lvo-web\server\src\db-store.ts:695:37

  692 prisma.crmNotification.findMany({ where: { legacyId: { not: null } }, orderBy: { legacyId: "asc" } }),
  693 prisma.clientPortalMessage.findMany({ where: { legacyId: { not: null } }, orderBy: { legacyId: "asc" } }),
  694 prisma.clientPortalDocument.findMany({ where: { legacyId: { not: null } }, orderBy: { legacyId: "asc" } }),
→ 695 prisma.clientPortalNotification.findMany(
Can't reach database server at `localhost:5433`

Please make sure your database server is running at `localhost:5433`.
prisma:error 
Invalid `prisma.clientContrat.findMany()` invocation in
C:\Users\Mili\OneDrive\Bureau\lvo-web\server\src\db-store.ts:696:26

  693 prisma.clientPortalMessage.findMany({ where: { legacyId: { not: null } }, orderBy: { legacyId: "asc" } }),
  694 prisma.clientPortalDocument.findMany({ where: { legacyId: { not: null } }, orderBy: { legacyId: "asc" } }),
  695 prisma.clientPortalNotification.findMany({ where: { legacyId: { not: null } }, orderBy: { legacyId: "asc" } }),
→ 696 prisma.clientContrat.findMany(
Can't reach database server at `localhost:5433`

Please make sure your database server is running at `localhost:5433`.
prisma:error 
Invalid `prisma.clientIntervention.findMany()` invocation in
C:\Users\Mili\OneDrive\Bureau\lvo-web\server\src\db-store.ts:697:31

  694 prisma.clientPortalDocument.findMany({ where: { legacyId: { not: null } }, orderBy: { legacyId: "asc" } }),
  695 prisma.clientPortalNotification.findMany({ where: { legacyId: { not: null } }, orderBy: { legacyId: "asc" } }),
  696 prisma.clientContrat.findMany({ where: { legacyId: { not: null } }, orderBy: { legacyId: "asc" } }),
→ 697 prisma.clientIntervention.findMany(
Can't reach database server at `localhost:5433`

Please make sure your database server is running at `localhost:5433`.
prisma:error 
Invalid `prisma.clientAlertesConfig.findMany()` invocation in
C:\Users\Mili\OneDrive\Bureau\lvo-web\server\src\db-store.ts:698:32

  695 prisma.clientPortalNotification.findMany({ where: { legacyId: { not: null } }, orderBy: { legacyId: "asc" } }),
  696 prisma.clientContrat.findMany({ where: { legacyId: { not: null } }, orderBy: { legacyId: "asc" } }),
  697 prisma.clientIntervention.findMany({ where: { legacyId: { not: null } }, orderBy: { legacyId: "asc" } }),
→ 698 prisma.clientAlertesConfig.findMany(
Can't reach database server at `localhost:5433`

Please make sure your database server is running at `localhost:5433`.
prisma:error 
Invalid `prisma.mmsRapport.findMany()` invocation in
C:\Users\Mili\OneDrive\Bureau\lvo-web\server\src\db-store.ts:699:23

  696 prisma.clientContrat.findMany({ where: { legacyId: { not: null } }, orderBy: { legacyId: "asc" } }),
  697 prisma.clientIntervention.findMany({ where: { legacyId: { not: null } }, orderBy: { legacyId: "asc" } }),
  698 prisma.clientAlertesConfig.findMany(),
→ 699 prisma.mmsRapport.findMany(
Can't reach database server at `localhost:5433`

Please make sure your database server is running at `localhost:5433`.
prisma:error 
Invalid `prisma.pendingQuontoTransaction.findMany()` invocation in
C:\Users\Mili\OneDrive\Bureau\lvo-web\server\src\db-store.ts:700:37

  697 prisma.clientIntervention.findMany({ where: { legacyId: { not: null } }, orderBy: { legacyId: "asc" } }),
  698 prisma.clientAlertesConfig.findMany(),
  699 prisma.mmsRapport.findMany({ where: { legacyId: { not: null } }, orderBy: { legacyId: "asc" } }),
→ 700 prisma.pendingQuontoTransaction.findMany(
Can't reach database server at `localhost:5433`

Please make sure your database server is running at `localhost:5433`.
prisma:error 
Invalid `prisma.auditLog.findMany()` invocation in
C:\Users\Mili\OneDrive\Bureau\lvo-web\server\src\db-store.ts:701:21

  698 prisma.clientAlertesConfig.findMany(),
  699 prisma.mmsRapport.findMany({ where: { legacyId: { not: null } }, orderBy: { legacyId: "asc" } }),
  700 prisma.pendingQuontoTransaction.findMany({ where: { legacyId: { not: null } }, orderBy: { legacyId: "asc" } }),
→ 701 prisma.auditLog.findMany(
Can't reach database server at `localhost:5433`

Please make sure your database server is running at `localhost:5433`.
prisma:error 
Invalid `prisma.historiqueAnnulation.findMany()` invocation in
C:\Users\Mili\OneDrive\Bureau\lvo-web\server\src\db-store.ts:702:33

  699 prisma.mmsRapport.findMany({ where: { legacyId: { not: null } }, orderBy: { legacyId: "asc" } }),
  700 prisma.pendingQuontoTransaction.findMany({ where: { legacyId: { not: null } }, orderBy: { legacyId: "asc" } }),
  701 prisma.auditLog.findMany({ where: { legacyId: { not: null } }, orderBy: { legacyId: "asc" } }),
→ 702 prisma.historiqueAnnulation.findMany(
Can't reach database server at `localhost:5433`

Please make sure your database server is running at `localhost:5433`.
[store] DB indisponible, fallback snapshot JSON : 
Invalid `prisma.user.findMany()` invocation in
C:\Users\Mili\OneDrive\Bureau\lvo-web\server\src\db-store.ts:680:17

  677   dbContrats, dbInterventions, dbAlertes, dbMms,
  678   dbPendingQ, dbAudit, dbHistorique,
  679 ] = await Promise.all([
→ 680   prisma.user.findMany(
Can't reach database server at `localhost:5433`

Please make sure your database server is running at `localhost:5433`.
[store] Données restaurées depuis postgresql (tables normalisées)
LVO API listening on http://localhost:8080
Comptes démo : admin@lvo-ing.fr / lvo123 (ADMIN), manager@lvo-ing.fr / lvo123 (MANAGER), consultant@ / viewer@ — mot de passe lvo123
prisma:error 
Invalid `prisma.user.upsert()` invocation in
C:\Users\Mili\OneDrive\Bureau\lvo-web\server\src\db-store.ts:52:33

  49 
  50 // 1. Users
  51 for (const u of users) {
→ 52   const r = await prisma.user.upsert(
Can't reach database server at `localhost:5433`

Please make sure your database server is running at `localhost:5433`.
[store] Échec sauvegarde DB normalisée, fallback snapshot : 
Invalid `prisma.user.upsert()` invocation in
C:\Users\Mili\OneDrive\Bureau\lvo-web\server\src\db-store.ts:52:33

  49 
  50 // 1. Users
  51 for (const u of users) {
→ 52   const r = await prisma.user.upsert(
Can't reach database server at `localhost:5433`

Please make sure your database server is running at `localhost:5433`.
prisma:error 
Invalid `prisma.appSnapshot.upsert()` invocation in
C:\Users\Mili\OneDrive\Bureau\lvo-web\server\src\store-persist.ts:70:30

  67 // Tentative app_snapshot (JSON blob) si Prisma est dispo
  68 try {
  69   const prisma = getPrisma();
→ 70   await prisma.appSnapshot.upsert(
Can't reach database server at `localhost:5433`

Please make sure your database server is running at `localhost:5433`.
prisma:error 
Invalid `prisma.user.upsert()` invocation in
C:\Users\Mili\OneDrive\Bureau\lvo-web\server\src\db-store.ts:52:33

  49 
  50 // 1. Users
  51 for (const u of users) {
→ 52   const r = await prisma.user.upsert(
Can't reach database server at `localhost:5433`

Please make sure your database server is running at `localhost:5433`.
[store] Échec sauvegarde DB normalisée, fallback snapshot : 
Invalid `prisma.user.upsert()` invocation in
C:\Users\Mili\OneDrive\Bureau\lvo-web\server\src\db-store.ts:52:33

  49 
  50 // 1. Users
  51 for (const u of users) {
→ 52   const r = await prisma.user.upsert(
Can't reach database server at `localhost:5433`

Please make sure your database server is running at `localhost:5433`.
prisma:error 
Invalid `prisma.appSnapshot.upsert()` invocation in
C:\Users\Mili\OneDrive\Bureau\lvo-web\server\src\store-persist.ts:70:30

  67 // Tentative app_snapshot (JSON blob) si Prisma est dispo
  68 try {
  69   const prisma = getPrisma();
→ 70   await prisma.appSnapshot.upsert(
Can't reach database server at `localhost:5433`

Please make sure your database server is running at `localhost:5433`.
prisma:error 
Invalid `prisma.user.upsert()` invocation in
C:\Users\Mili\OneDrive\Bureau\lvo-web\server\src\db-store.ts:52:33

  49 
  50 // 1. Users
  51 for (const u of users) {
→ 52   const r = await prisma.user.upsert(
Can't reach database server at `localhost:5433`

Please make sure your database server is running at `localhost:5433`.
[store] Échec sauvegarde DB normalisée, fallback snapshot : 
Invalid `prisma.user.upsert()` invocation in
C:\Users\Mili\OneDrive\Bureau\lvo-web\server\src\db-store.ts:52:33

  49 
  50 // 1. Users
  51 for (const u of users) {
→ 52   const r = await prisma.user.upsert(
Can't reach database server at `localhost:5433`

Please make sure your database server is running at `localhost:5433`.
prisma:error 
Invalid `prisma.appSnapshot.upsert()` invocation in
C:\Users\Mili\OneDrive\Bureau\lvo-web\server\src\store-persist.ts:70:30

  67 // Tentative app_snapshot (JSON blob) si Prisma est dispo
  68 try {
  69   const prisma = getPrisma();
→ 70   await prisma.appSnapshot.upsert(
Can't reach database server at `localhost:5433`

Please make sure your database server is running at `localhost:5433`.
prisma:error 
Invalid `prisma.user.upsert()` invocation in
C:\Users\Mili\OneDrive\Bureau\lvo-web\server\src\db-store.ts:52:33

  49 
  50 // 1. Users
  51 for (const u of users) {
→ 52   const r = await prisma.user.upsert(
Can't reach database server at `localhost:5433`

Please make sure your database server is running at `localhost:5433`.
[store] Échec sauvegarde DB normalisée, fallback snapshot : 
Invalid `prisma.user.upsert()` invocation in
C:\Users\Mili\OneDrive\Bureau\lvo-web\server\src\db-store.ts:52:33

  49 
  50 // 1. Users
  51 for (const u of users) {
→ 52   const r = await prisma.user.upsert(
Can't reach database server at `localhost:5433`

Please make sure your database server is running at `localhost:5433`.
prisma:error 
Invalid `prisma.appSnapshot.upsert()` invocation in
C:\Users\Mili\OneDrive\Bureau\lvo-web\server\src\store-persist.ts:70:30

  67 // Tentative app_snapshot (JSON blob) si Prisma est dispo
  68 try {
  69   const prisma = getPrisma();
→ 70   await prisma.appSnapshot.upsert(
Can't reach database server at `localhost:5433`

Please make sure your database server is running at `localhost:5433`.
prisma:error 
Invalid `prisma.user.upsert()` invocation in
C:\Users\Mili\OneDrive\Bureau\lvo-web\server\src\db-store.ts:52:33

  49 
  50 // 1. Users
  51 for (const u of users) {
→ 52   const r = await prisma.user.upsert(
Can't reach database server at `localhost:5433`

Please make sure your database server is running at `localhost:5433`.
[store] Échec sauvegarde DB normalisée, fallback snapshot : 
Invalid `prisma.user.upsert()` invocation in
C:\Users\Mili\OneDrive\Bureau\lvo-web\server\src\db-store.ts:52:33

  49 
  50 // 1. Users
  51 for (const u of users) {
→ 52   const r = await prisma.user.upsert(
Can't reach database server at `localhost:5433`

Please make sure your database server is running at `localhost:5433`.
prisma:error 
Invalid `prisma.appSnapshot.upsert()` invocation in
C:\Users\Mili\OneDrive\Bureau\lvo-web\server\src\store-persist.ts:70:30

  67 // Tentative app_snapshot (JSON blob) si Prisma est dispo
  68 try {
  69   const prisma = getPrisma();
→ 70   await prisma.appSnapshot.upsert(
Can't reach database server at `localhost:5433`

Please make sure your database server is running at `localhost:5433`.
prisma:error 
Invalid `prisma.user.upsert()` invocation in
C:\Users\Mili\OneDrive\Bureau\lvo-web\server\src\db-store.ts:52:33

  49 
  50 // 1. Users
  51 for (const u of users) {
→ 52   const r = await prisma.user.upsert(
Can't reach database server at `localhost:5433`

Please make sure your database server is running at `localhost:5433`.
[store] Échec sauvegarde DB normalisée, fallback snapshot : 
Invalid `prisma.user.upsert()` invocation in
C:\Users\Mili\OneDrive\Bureau\lvo-web\server\src\db-store.ts:52:33

  49 
  50 // 1. Users
  51 for (const u of users) {
→ 52   const r = await prisma.user.upsert(
Can't reach database server at `localhost:5433`

Please make sure your database server is running at `localhost:5433`.
prisma:error 
Invalid `prisma.appSnapshot.upsert()` invocation in
C:\Users\Mili\OneDrive\Bureau\lvo-web\server\src\store-persist.ts:70:30

  67 // Tentative app_snapshot (JSON blob) si Prisma est dispo
  68 try {
  69   const prisma = getPrisma();
→ 70   await prisma.appSnapshot.upsert(
Can't reach database server at `localhost:5433`

Please make sure your database server is running at `localhost:5433`.
prisma:error 
Invalid `prisma.user.upsert()` invocation in
C:\Users\Mili\OneDrive\Bureau\lvo-web\server\src\db-store.ts:52:33

  49 
  50 // 1. Users
  51 for (const u of users) {
→ 52   const r = await prisma.user.upsert(
Can't reach database server at `localhost:5433`

Please make sure your database server is running at `localhost:5433`.
[store] Échec sauvegarde DB normalisée, fallback snapshot : 
Invalid `prisma.user.upsert()` invocation in
C:\Users\Mili\OneDrive\Bureau\lvo-web\server\src\db-store.ts:52:33

  49 
  50 // 1. Users
  51 for (const u of users) {
→ 52   const r = await prisma.user.upsert(
Can't reach database server at `localhost:5433`

Please make sure your database server is running at `localhost:5433`.
prisma:error 
Invalid `prisma.appSnapshot.upsert()` invocation in
C:\Users\Mili\OneDrive\Bureau\lvo-web\server\src\store-persist.ts:70:30

  67 // Tentative app_snapshot (JSON blob) si Prisma est dispo
  68 try {
  69   const prisma = getPrisma();
→ 70   await prisma.appSnapshot.upsert(
Can't reach database server at `localhost:5433`

Please make sure your database server is running at `localhost:5433`.
prisma:error 
Invalid `prisma.user.upsert()` invocation in
C:\Users\Mili\OneDrive\Bureau\lvo-web\server\src\db-store.ts:52:33

  49 
  50 // 1. Users
  51 for (const u of users) {
→ 52   const r = await prisma.user.upsert(
Can't reach database server at `localhost:5433`

Please make sure your database server is running at `localhost:5433`.
[store] Échec sauvegarde DB normalisée, fallback snapshot : 
Invalid `prisma.user.upsert()` invocation in
C:\Users\Mili\OneDrive\Bureau\lvo-web\server\src\db-store.ts:52:33

  49 
  50 // 1. Users
  51 for (const u of users) {
→ 52   const r = await prisma.user.upsert(
Can't reach database server at `localhost:5433`

Please make sure your database server is running at `localhost:5433`.
prisma:error 
Invalid `prisma.appSnapshot.upsert()` invocation in
C:\Users\Mili\OneDrive\Bureau\lvo-web\server\src\store-persist.ts:70:30

  67 // Tentative app_snapshot (JSON blob) si Prisma est dispo
  68 try {
  69   const prisma = getPrisma();
→ 70   await prisma.appSnapshot.upsert(
Can't reach database server at `localhost:5433`

Please make sure your database server is running at `localhost:5433`.
prisma:error 
Invalid `prisma.user.upsert()` invocation in
C:\Users\Mili\OneDrive\Bureau\lvo-web\server\src\db-store.ts:52:33

  49 
  50 // 1. Users
  51 for (const u of users) {
→ 52   const r = await prisma.user.upsert(
Can't reach database server at `localhost:5433`

Please make sure your database server is running at `localhost:5433`.
[store] Échec sauvegarde DB normalisée, fallback snapshot : 
Invalid `prisma.user.upsert()` invocation in
C:\Users\Mili\OneDrive\Bureau\lvo-web\server\src\db-store.ts:52:33

  49 
  50 // 1. Users
  51 for (const u of users) {
→ 52   const r = await prisma.user.upsert(
Can't reach database server at `localhost:5433`

Please make sure your database server is running at `localhost:5433`.
prisma:error 
Invalid `prisma.appSnapshot.upsert()` invocation in
C:\Users\Mili\OneDrive\Bureau\lvo-web\server\src\store-persist.ts:70:30

  67 // Tentative app_snapshot (JSON blob) si Prisma est dispo
  68 try {
  69   const prisma = getPrisma();
→ 70   await prisma.appSnapshot.upsert(
Can't reach database server at `localhost:5433`

Please make sure your database server is running at `localhost:5433`.
prisma:error 
Invalid `prisma.user.upsert()` invocation in
C:\Users\Mili\OneDrive\Bureau\lvo-web\server\src\db-store.ts:52:33

  49 
  50 // 1. Users
  51 for (const u of users) {
→ 52   const r = await prisma.user.upsert(
Can't reach database server at `localhost:5433`

Please make sure your database server is running at `localhost:5433`.
[store] Échec sauvegarde DB normalisée, fallback snapshot : 
Invalid `prisma.user.upsert()` invocation in
C:\Users\Mili\OneDrive\Bureau\lvo-web\server\src\db-store.ts:52:33

  49 
  50 // 1. Users
  51 for (const u of users) {
→ 52   const r = await prisma.user.upsert(
Can't reach database server at `localhost:5433`

Please make sure your database server is running at `localhost:5433`.
prisma:error 
Invalid `prisma.appSnapshot.upsert()` invocation in
C:\Users\Mili\OneDrive\Bureau\lvo-web\server\src\store-persist.ts:70:30

  67 // Tentative app_snapshot (JSON blob) si Prisma est dispo
  68 try {
  69   const prisma = getPrisma();
→ 70   await prisma.appSnapshot.upsert(
Can't reach database server at `localhost:5433`

Please make sure your database server is running at `localhost:5433`.
prisma:error 
Invalid `prisma.user.upsert()` invocation in
C:\Users\Mili\OneDrive\Bureau\lvo-web\server\src\db-store.ts:52:33

  49 
  50 // 1. Users
  51 for (const u of users) {
→ 52   const r = await prisma.user.upsert(
Can't reach database server at `localhost:5433`

Please make sure your database server is running at `localhost:5433`.
[store] Échec sauvegarde DB normalisée, fallback snapshot : 
Invalid `prisma.user.upsert()` invocation in
C:\Users\Mili\OneDrive\Bureau\lvo-web\server\src\db-store.ts:52:33

  49 
  50 // 1. Users
  51 for (const u of users) {
→ 52   const r = await prisma.user.upsert(
Can't reach database server at `localhost:5433`

Please make sure your database server is running at `localhost:5433`.
prisma:error 
Invalid `prisma.appSnapshot.upsert()` invocation in
C:\Users\Mili\OneDrive\Bureau\lvo-web\server\src\store-persist.ts:70:30

  67 // Tentative app_snapshot (JSON blob) si Prisma est dispo
  68 try {
  69   const prisma = getPrisma();
→ 70   await prisma.appSnapshot.upsert(
Can't reach database server at `localhost:5433`

Please make sure your database server is running at `localhost:5433`.
prisma:error 
Invalid `prisma.user.upsert()` invocation in
C:\Users\Mili\OneDrive\Bureau\lvo-web\server\src\db-store.ts:52:33

  49 
  50 // 1. Users
  51 for (const u of users) {
→ 52   const r = await prisma.user.upsert(
Can't reach database server at `localhost:5433`

Please make sure your database server is running at `localhost:5433`.
[store] Échec sauvegarde DB normalisée, fallback snapshot : 
Invalid `prisma.user.upsert()` invocation in
C:\Users\Mili\OneDrive\Bureau\lvo-web\server\src\db-store.ts:52:33

  49 
  50 // 1. Users
  51 for (const u of users) {
→ 52   const r = await prisma.user.upsert(
Can't reach database server at `localhost:5433`

Please make sure your database server is running at `localhost:5433`.
prisma:error 
Invalid `prisma.appSnapshot.upsert()` invocation in
C:\Users\Mili\OneDrive\Bureau\lvo-web\server\src\store-persist.ts:70:30

  67 // Tentative app_snapshot (JSON blob) si Prisma est dispo
  68 try {
  69   const prisma = getPrisma();
→ 70   await prisma.appSnapshot.upsert(
Can't reach database server at `localhost:5433`

Please make sure your database server is running at `localhost:5433`.
22:50:45 [tsx] change in ./src\index.ts Restarting...
c[minio] Impossible de vérifier/créer le bucket "lvo-sites" : 
[minio] Impossible de vérifier/créer le bucket "lvo-mms" : 
[minio] Impossible de vérifier/créer le bucket "lvo-client-docs" : 
[minio] Impossible de vérifier/créer le bucket "lvo-documents" : 
prisma:error 
Invalid `prisma.user.findMany()` invocation in
C:\Users\Mili\OneDrive\Bureau\lvo-web\server\src\db-store.ts:680:17

  677   dbContrats, dbInterventions, dbAlertes, dbMms,
  678   dbPendingQ, dbAudit, dbHistorique,
  679 ] = await Promise.all([
→ 680   prisma.user.findMany(
Can't reach database server at `localhost:5433`

Please make sure your database server is running at `localhost:5433`.
prisma:error 
Invalid `prisma.client.findMany()` invocation in
C:\Users\Mili\OneDrive\Bureau\lvo-web\server\src\db-store.ts:681:19

  678   dbPendingQ, dbAudit, dbHistorique,
  679 ] = await Promise.all([
  680   prisma.user.findMany({ where: { legacyId: { not: null } }, orderBy: { legacyId: "asc" } }),
→ 681   prisma.client.findMany(
Can't reach database server at `localhost:5433`

Please make sure your database server is running at `localhost:5433`.
prisma:error 
Invalid `prisma.contact.findMany()` invocation in
C:\Users\Mili\OneDrive\Bureau\lvo-web\server\src\db-store.ts:682:20

  679 ] = await Promise.all([
  680   prisma.user.findMany({ where: { legacyId: { not: null } }, orderBy: { legacyId: "asc" } }),
  681   prisma.client.findMany({ where: { legacyId: { not: null } }, orderBy: { legacyId: "asc" } }),
→ 682   prisma.contact.findMany(
Can't reach database server at `localhost:5433`

Please make sure your database server is running at `localhost:5433`.
prisma:error 
Invalid `prisma.site.findMany()` invocation in
C:\Users\Mili\OneDrive\Bureau\lvo-web\server\src\db-store.ts:683:17

  680 prisma.user.findMany({ where: { legacyId: { not: null } }, orderBy: { legacyId: "asc" } }),
  681 prisma.client.findMany({ where: { legacyId: { not: null } }, orderBy: { legacyId: "asc" } }),
  682 prisma.contact.findMany({ where: { legacyId: { not: null } }, orderBy: { legacyId: "asc" } }),
→ 683 prisma.site.findMany(
Can't reach database server at `localhost:5433`

Please make sure your database server is running at `localhost:5433`.
prisma:error 
Invalid `prisma.siteGestionnaire.findMany()` invocation in
C:\Users\Mili\OneDrive\Bureau\lvo-web\server\src\db-store.ts:684:29

  681 prisma.client.findMany({ where: { legacyId: { not: null } }, orderBy: { legacyId: "asc" } }),
  682 prisma.contact.findMany({ where: { legacyId: { not: null } }, orderBy: { legacyId: "asc" } }),
  683 prisma.site.findMany({ where: { legacyId: { not: null } }, orderBy: { legacyId: "asc" } }),
→ 684 prisma.siteGestionnaire.findMany(
Can't reach database server at `localhost:5433`

Please make sure your database server is running at `localhost:5433`.
prisma:error 
Invalid `prisma.siteEquipement.findMany()` invocation in
C:\Users\Mili\OneDrive\Bureau\lvo-web\server\src\db-store.ts:685:27

  682 prisma.contact.findMany({ where: { legacyId: { not: null } }, orderBy: { legacyId: "asc" } }),
  683 prisma.site.findMany({ where: { legacyId: { not: null } }, orderBy: { legacyId: "asc" } }),
  684 prisma.siteGestionnaire.findMany({ where: { legacyId: { not: null } }, orderBy: { legacyId: "asc" } }),
→ 685 prisma.siteEquipement.findMany(
Can't reach database server at `localhost:5433`

Please make sure your database server is running at `localhost:5433`.
prisma:error 
Invalid `prisma.siteArborescenceNode.findMany()` invocation in
C:\Users\Mili\OneDrive\Bureau\lvo-web\server\src\db-store.ts:686:33

  683 prisma.site.findMany({ where: { legacyId: { not: null } }, orderBy: { legacyId: "asc" } }),
  684 prisma.siteGestionnaire.findMany({ where: { legacyId: { not: null } }, orderBy: { legacyId: "asc" } }),
  685 prisma.siteEquipement.findMany({ where: { legacyId: { not: null } }, orderBy: { legacyId: "asc" } }),
→ 686 prisma.siteArborescenceNode.findMany(
Can't reach database server at `localhost:5433`

Please make sure your database server is running at `localhost:5433`.
prisma:error 
Invalid `prisma.offre.findMany()` invocation in
C:\Users\Mili\OneDrive\Bureau\lvo-web\server\src\db-store.ts:687:18

  684 prisma.siteGestionnaire.findMany({ where: { legacyId: { not: null } }, orderBy: { legacyId: "asc" } }),
  685 prisma.siteEquipement.findMany({ where: { legacyId: { not: null } }, orderBy: { legacyId: "asc" } }),
  686 prisma.siteArborescenceNode.findMany({ where: { legacyId: { not: null } }, orderBy: { legacyId: "asc" } }),
→ 687 prisma.offre.findMany(
Can't reach database server at `localhost:5433`

Please make sure your database server is running at `localhost:5433`.
prisma:error 
Invalid `prisma.commande.findMany()` invocation in
C:\Users\Mili\OneDrive\Bureau\lvo-web\server\src\db-store.ts:688:21

  685 prisma.siteEquipement.findMany({ where: { legacyId: { not: null } }, orderBy: { legacyId: "asc" } }),
  686 prisma.siteArborescenceNode.findMany({ where: { legacyId: { not: null } }, orderBy: { legacyId: "asc" } }),
  687 prisma.offre.findMany({ where: { legacyId: { not: null } }, orderBy: { legacyId: "asc" } }),
→ 688 prisma.commande.findMany(
Can't reach database server at `localhost:5433`

Please make sure your database server is running at `localhost:5433`.
prisma:error 
Invalid `prisma.facture.findMany()` invocation in
C:\Users\Mili\OneDrive\Bureau\lvo-web\server\src\db-store.ts:689:20

  686 prisma.siteArborescenceNode.findMany({ where: { legacyId: { not: null } }, orderBy: { legacyId: "asc" } }),
  687 prisma.offre.findMany({ where: { legacyId: { not: null } }, orderBy: { legacyId: "asc" } }),
  688 prisma.commande.findMany({ where: { legacyId: { not: null } }, orderBy: { legacyId: "asc" } }),
→ 689 prisma.facture.findMany(
Can't reach database server at `localhost:5433`

Please make sure your database server is running at `localhost:5433`.
prisma:error 
Invalid `prisma.avoir.findMany()` invocation in
C:\Users\Mili\OneDrive\Bureau\lvo-web\server\src\db-store.ts:690:18

  687 prisma.offre.findMany({ where: { legacyId: { not: null } }, orderBy: { legacyId: "asc" } }),
  688 prisma.commande.findMany({ where: { legacyId: { not: null } }, orderBy: { legacyId: "asc" } }),
  689 prisma.facture.findMany({ where: { legacyId: { not: null } }, orderBy: { legacyId: "asc" } }),
→ 690 prisma.avoir.findMany(
Can't reach database server at `localhost:5433`

Please make sure your database server is running at `localhost:5433`.
prisma:error 
Invalid `prisma.crmTask.findMany()` invocation in
C:\Users\Mili\OneDrive\Bureau\lvo-web\server\src\db-store.ts:691:20

  688 prisma.commande.findMany({ where: { legacyId: { not: null } }, orderBy: { legacyId: "asc" } }),
  689 prisma.facture.findMany({ where: { legacyId: { not: null } }, orderBy: { legacyId: "asc" } }),
  690 prisma.avoir.findMany({ where: { legacyId: { not: null } }, orderBy: { legacyId: "asc" } }),
→ 691 prisma.crmTask.findMany(
Can't reach database server at `localhost:5433`

Please make sure your database server is running at `localhost:5433`.
prisma:error 
Invalid `prisma.crmNotification.findMany()` invocation in
C:\Users\Mili\OneDrive\Bureau\lvo-web\server\src\db-store.ts:692:28

  689 prisma.facture.findMany({ where: { legacyId: { not: null } }, orderBy: { legacyId: "asc" } }),
  690 prisma.avoir.findMany({ where: { legacyId: { not: null } }, orderBy: { legacyId: "asc" } }),
  691 prisma.crmTask.findMany({ where: { legacyId: { not: null } }, orderBy: { legacyId: "asc" } }),
→ 692 prisma.crmNotification.findMany(
Can't reach database server at `localhost:5433`

Please make sure your database server is running at `localhost:5433`.
prisma:error 
Invalid `prisma.clientPortalMessage.findMany()` invocation in
C:\Users\Mili\OneDrive\Bureau\lvo-web\server\src\db-store.ts:693:32

  690 prisma.avoir.findMany({ where: { legacyId: { not: null } }, orderBy: { legacyId: "asc" } }),
  691 prisma.crmTask.findMany({ where: { legacyId: { not: null } }, orderBy: { legacyId: "asc" } }),
  692 prisma.crmNotification.findMany({ where: { legacyId: { not: null } }, orderBy: { legacyId: "asc" } }),
→ 693 prisma.clientPortalMessage.findMany(
Can't reach database server at `localhost:5433`

Please make sure your database server is running at `localhost:5433`.
prisma:error 
Invalid `prisma.clientPortalDocument.findMany()` invocation in
C:\Users\Mili\OneDrive\Bureau\lvo-web\server\src\db-store.ts:694:33

  691 prisma.crmTask.findMany({ where: { legacyId: { not: null } }, orderBy: { legacyId: "asc" } }),
  692 prisma.crmNotification.findMany({ where: { legacyId: { not: null } }, orderBy: { legacyId: "asc" } }),
  693 prisma.clientPortalMessage.findMany({ where: { legacyId: { not: null } }, orderBy: { legacyId: "asc" } }),
→ 694 prisma.clientPortalDocument.findMany(
Can't reach database server at `localhost:5433`

Please make sure your database server is running at `localhost:5433`.
prisma:error 
Invalid `prisma.clientPortalNotification.findMany()` invocation in
C:\Users\Mili\OneDrive\Bureau\lvo-web\server\src\db-store.ts:695:37

  692 prisma.crmNotification.findMany({ where: { legacyId: { not: null } }, orderBy: { legacyId: "asc" } }),
  693 prisma.clientPortalMessage.findMany({ where: { legacyId: { not: null } }, orderBy: { legacyId: "asc" } }),
  694 prisma.clientPortalDocument.findMany({ where: { legacyId: { not: null } }, orderBy: { legacyId: "asc" } }),
→ 695 prisma.clientPortalNotification.findMany(
Can't reach database server at `localhost:5433`

Please make sure your database server is running at `localhost:5433`.
prisma:error 
Invalid `prisma.clientContrat.findMany()` invocation in
C:\Users\Mili\OneDrive\Bureau\lvo-web\server\src\db-store.ts:696:26

  693 prisma.clientPortalMessage.findMany({ where: { legacyId: { not: null } }, orderBy: { legacyId: "asc" } }),
  694 prisma.clientPortalDocument.findMany({ where: { legacyId: { not: null } }, orderBy: { legacyId: "asc" } }),
  695 prisma.clientPortalNotification.findMany({ where: { legacyId: { not: null } }, orderBy: { legacyId: "asc" } }),
→ 696 prisma.clientContrat.findMany(
Can't reach database server at `localhost:5433`

Please make sure your database server is running at `localhost:5433`.
prisma:error 
Invalid `prisma.clientIntervention.findMany()` invocation in
C:\Users\Mili\OneDrive\Bureau\lvo-web\server\src\db-store.ts:697:31

  694 prisma.clientPortalDocument.findMany({ where: { legacyId: { not: null } }, orderBy: { legacyId: "asc" } }),
  695 prisma.clientPortalNotification.findMany({ where: { legacyId: { not: null } }, orderBy: { legacyId: "asc" } }),
  696 prisma.clientContrat.findMany({ where: { legacyId: { not: null } }, orderBy: { legacyId: "asc" } }),
→ 697 prisma.clientIntervention.findMany(
Can't reach database server at `localhost:5433`

Please make sure your database server is running at `localhost:5433`.
prisma:error 
Invalid `prisma.clientAlertesConfig.findMany()` invocation in
C:\Users\Mili\OneDrive\Bureau\lvo-web\server\src\db-store.ts:698:32

  695 prisma.clientPortalNotification.findMany({ where: { legacyId: { not: null } }, orderBy: { legacyId: "asc" } }),
  696 prisma.clientContrat.findMany({ where: { legacyId: { not: null } }, orderBy: { legacyId: "asc" } }),
  697 prisma.clientIntervention.findMany({ where: { legacyId: { not: null } }, orderBy: { legacyId: "asc" } }),
→ 698 prisma.clientAlertesConfig.findMany(
Can't reach database server at `localhost:5433`

Please make sure your database server is running at `localhost:5433`.
prisma:error 
Invalid `prisma.mmsRapport.findMany()` invocation in
C:\Users\Mili\OneDrive\Bureau\lvo-web\server\src\db-store.ts:699:23

  696 prisma.clientContrat.findMany({ where: { legacyId: { not: null } }, orderBy: { legacyId: "asc" } }),
  697 prisma.clientIntervention.findMany({ where: { legacyId: { not: null } }, orderBy: { legacyId: "asc" } }),
  698 prisma.clientAlertesConfig.findMany(),
→ 699 prisma.mmsRapport.findMany(
Can't reach database server at `localhost:5433`

Please make sure your database server is running at `localhost:5433`.
prisma:error 
Invalid `prisma.pendingQuontoTransaction.findMany()` invocation in
C:\Users\Mili\OneDrive\Bureau\lvo-web\server\src\db-store.ts:700:37

  697 prisma.clientIntervention.findMany({ where: { legacyId: { not: null } }, orderBy: { legacyId: "asc" } }),
  698 prisma.clientAlertesConfig.findMany(),
  699 prisma.mmsRapport.findMany({ where: { legacyId: { not: null } }, orderBy: { legacyId: "asc" } }),
→ 700 prisma.pendingQuontoTransaction.findMany(
Can't reach database server at `localhost:5433`

Please make sure your database server is running at `localhost:5433`.
prisma:error 
Invalid `prisma.auditLog.findMany()` invocation in
C:\Users\Mili\OneDrive\Bureau\lvo-web\server\src\db-store.ts:701:21

  698 prisma.clientAlertesConfig.findMany(),
  699 prisma.mmsRapport.findMany({ where: { legacyId: { not: null } }, orderBy: { legacyId: "asc" } }),
  700 prisma.pendingQuontoTransaction.findMany({ where: { legacyId: { not: null } }, orderBy: { legacyId: "asc" } }),
→ 701 prisma.auditLog.findMany(
Can't reach database server at `localhost:5433`

Please make sure your database server is running at `localhost:5433`.
prisma:error 
Invalid `prisma.historiqueAnnulation.findMany()` invocation in
C:\Users\Mili\OneDrive\Bureau\lvo-web\server\src\db-store.ts:702:33

  699 prisma.mmsRapport.findMany({ where: { legacyId: { not: null } }, orderBy: { legacyId: "asc" } }),
  700 prisma.pendingQuontoTransaction.findMany({ where: { legacyId: { not: null } }, orderBy: { legacyId: "asc" } }),
  701 prisma.auditLog.findMany({ where: { legacyId: { not: null } }, orderBy: { legacyId: "asc" } }),
→ 702 prisma.historiqueAnnulation.findMany(
Can't reach database server at `localhost:5433`

Please make sure your database server is running at `localhost:5433`.
[store] DB indisponible, fallback snapshot JSON : 
Invalid `prisma.user.findMany()` invocation in
C:\Users\Mili\OneDrive\Bureau\lvo-web\server\src\db-store.ts:680:17

  677   dbContrats, dbInterventions, dbAlertes, dbMms,
  678   dbPendingQ, dbAudit, dbHistorique,
  679 ] = await Promise.all([
→ 680   prisma.user.findMany(
Can't reach database server at `localhost:5433`

Please make sure your database server is running at `localhost:5433`.
[store] Données restaurées depuis postgresql (tables normalisées)
LVO API listening on http://localhost:8080
Comptes démo : admin@lvo-ing.fr / lvo123 (ADMIN), manager@lvo-ing.fr / lvo123 (MANAGER), consultant@ / viewer@ — mot de passe lvo123
prisma:error 
Invalid `prisma.user.upsert()` invocation in
C:\Users\Mili\OneDrive\Bureau\lvo-web\server\src\db-store.ts:52:33

  49 
  50 // 1. Users
  51 for (const u of users) {
→ 52   const r = await prisma.user.upsert(
Can't reach database server at `localhost:5433`

Please make sure your database server is running at `localhost:5433`.
[store] Échec sauvegarde DB normalisée, fallback snapshot : 
Invalid `prisma.user.upsert()` invocation in
C:\Users\Mili\OneDrive\Bureau\lvo-web\server\src\db-store.ts:52:33

  49 
  50 // 1. Users
  51 for (const u of users) {
→ 52   const r = await prisma.user.upsert(
Can't reach database server at `localhost:5433`

Please make sure your database server is running at `localhost:5433`.
prisma:error 
Invalid `prisma.appSnapshot.upsert()` invocation in
C:\Users\Mili\OneDrive\Bureau\lvo-web\server\src\store-persist.ts:70:30

  67 // Tentative app_snapshot (JSON blob) si Prisma est dispo
  68 try {
  69   const prisma = getPrisma();
→ 70   await prisma.appSnapshot.upsert(
Can't reach database server at `localhost:5433`

Please make sure your database server is running at `localhost:5433`.
prisma:error 
Invalid `prisma.user.upsert()` invocation in
C:\Users\Mili\OneDrive\Bureau\lvo-web\server\src\db-store.ts:52:33

  49 
  50 // 1. Users
  51 for (const u of users) {
→ 52   const r = await prisma.user.upsert(
Can't reach database server at `localhost:5433`

Please make sure your database server is running at `localhost:5433`.
[store] Échec sauvegarde DB normalisée, fallback snapshot : 
Invalid `prisma.user.upsert()` invocation in
C:\Users\Mili\OneDrive\Bureau\lvo-web\server\src\db-store.ts:52:33

  49 
  50 // 1. Users
  51 for (const u of users) {
→ 52   const r = await prisma.user.upsert(
Can't reach database server at `localhost:5433`

Please make sure your database server is running at `localhost:5433`.
prisma:error 
Invalid `prisma.appSnapshot.upsert()` invocation in
C:\Users\Mili\OneDrive\Bureau\lvo-web\server\src\store-persist.ts:70:30

  67 // Tentative app_snapshot (JSON blob) si Prisma est dispo
  68 try {
  69   const prisma = getPrisma();
→ 70   await prisma.appSnapshot.upsert(
Can't reach database server at `localhost:5433`

Please make sure your database server is running at `localhost:5433`.
[devis-groupement] MinIO fallback local : 
prisma:error 
Invalid `prisma.user.upsert()` invocation in
C:\Users\Mili\OneDrive\Bureau\lvo-web\server\src\db-store.ts:52:33

  49 
  50 // 1. Users
  51 for (const u of users) {
→ 52   const r = await prisma.user.upsert(
Can't reach database server at `localhost:5433`

Please make sure your database server is running at `localhost:5433`.
[store] Échec sauvegarde DB normalisée, fallback snapshot : 
Invalid `prisma.user.upsert()` invocation in
C:\Users\Mili\OneDrive\Bureau\lvo-web\server\src\db-store.ts:52:33

  49 
  50 // 1. Users
  51 for (const u of users) {
→ 52   const r = await prisma.user.upsert(
Can't reach database server at `localhost:5433`

Please make sure your database server is running at `localhost:5433`.
prisma:error 
Invalid `prisma.appSnapshot.upsert()` invocation in
C:\Users\Mili\OneDrive\Bureau\lvo-web\server\src\store-persist.ts:70:30

  67 // Tentative app_snapshot (JSON blob) si Prisma est dispo
  68 try {
  69   const prisma = getPrisma();
→ 70   await prisma.appSnapshot.upsert(
Can't reach database server at `localhost:5433`

Please make sure your database server is running at `localhost:5433`.
prisma:error 
Invalid `prisma.user.upsert()` invocation in
C:\Users\Mili\OneDrive\Bureau\lvo-web\server\src\db-store.ts:52:33

  49 
  50 // 1. Users
  51 for (const u of users) {
→ 52   const r = await prisma.user.upsert(
Can't reach database server at `localhost:5433`

Please make sure your database server is running at `localhost:5433`.
[store] Échec sauvegarde DB normalisée, fallback snapshot : 
Invalid `prisma.user.upsert()` invocation in
C:\Users\Mili\OneDrive\Bureau\lvo-web\server\src\db-store.ts:52:33

  49 
  50 // 1. Users
  51 for (const u of users) {
→ 52   const r = await prisma.user.upsert(
Can't reach database server at `localhost:5433`

Please make sure your database server is running at `localhost:5433`.
prisma:error 
Invalid `prisma.appSnapshot.upsert()` invocation in
C:\Users\Mili\OneDrive\Bureau\lvo-web\server\src\store-persist.ts:70:30

  67 // Tentative app_snapshot (JSON blob) si Prisma est dispo
  68 try {
  69   const prisma = getPrisma();
→ 70   await prisma.appSnapshot.upsert(
Can't reach database server at `localhost:5433`

Please make sure your database server is running at `localhost:5433`.
prisma:error 
Invalid `prisma.user.upsert()` invocation in
C:\Users\Mili\OneDrive\Bureau\lvo-web\server\src\db-store.ts:52:33

  49 
  50 // 1. Users
  51 for (const u of users) {
→ 52   const r = await prisma.user.upsert(
Can't reach database server at `localhost:5433`

Please make sure your database server is running at `localhost:5433`.
[store] Échec sauvegarde DB normalisée, fallback snapshot : 
Invalid `prisma.user.upsert()` invocation in
C:\Users\Mili\OneDrive\Bureau\lvo-web\server\src\db-store.ts:52:33

  49 
  50 // 1. Users
  51 for (const u of users) {
→ 52   const r = await prisma.user.upsert(
Can't reach database server at `localhost:5433`

Please make sure your database server is running at `localhost:5433`.
prisma:error 
Invalid `prisma.appSnapshot.upsert()` invocation in
C:\Users\Mili\OneDrive\Bureau\lvo-web\server\src\store-persist.ts:70:30

  67 // Tentative app_snapshot (JSON blob) si Prisma est dispo
  68 try {
  69   const prisma = getPrisma();
→ 70   await prisma.appSnapshot.upsert(
Can't reach database server at `localhost:5433`

Please make sure your database server is running at `localhost:5433`.
prisma:error 
Invalid `prisma.user.upsert()` invocation in
C:\Users\Mili\OneDrive\Bureau\lvo-web\server\src\db-store.ts:52:33

  49 
  50 // 1. Users
  51 for (const u of users) {
→ 52   const r = await prisma.user.upsert(
Can't reach database server at `localhost:5433`

Please make sure your database server is running at `localhost:5433`.
[store] Échec sauvegarde DB normalisée, fallback snapshot : 
Invalid `prisma.user.upsert()` invocation in
C:\Users\Mili\OneDrive\Bureau\lvo-web\server\src\db-store.ts:52:33

  49 
  50 // 1. Users
  51 for (const u of users) {
→ 52   const r = await prisma.user.upsert(
Can't reach database server at `localhost:5433`

Please make sure your database server is running at `localhost:5433`.
prisma:error 
Invalid `prisma.appSnapshot.upsert()` invocation in
C:\Users\Mili\OneDrive\Bureau\lvo-web\server\src\store-persist.ts:70:30

  67 // Tentative app_snapshot (JSON blob) si Prisma est dispo
  68 try {
  69   const prisma = getPrisma();
→ 70   await prisma.appSnapshot.upsert(
Can't reach database server at `localhost:5433`

Please make sure your database server is running at `localhost:5433`.
prisma:error 
Invalid `prisma.user.upsert()` invocation in
C:\Users\Mili\OneDrive\Bureau\lvo-web\server\src\db-store.ts:52:33

  49 
  50 // 1. Users
  51 for (const u of users) {
→ 52   const r = await prisma.user.upsert(
Can't reach database server at `localhost:5433`

Please make sure your database server is running at `localhost:5433`.
[store] Échec sauvegarde DB normalisée, fallback snapshot : 
Invalid `prisma.user.upsert()` invocation in
C:\Users\Mili\OneDrive\Bureau\lvo-web\server\src\db-store.ts:52:33

  49 
  50 // 1. Users
  51 for (const u of users) {
→ 52   const r = await prisma.user.upsert(
Can't reach database server at `localhost:5433`

Please make sure your database server is running at `localhost:5433`.
prisma:error 
Invalid `prisma.appSnapshot.upsert()` invocation in
C:\Users\Mili\OneDrive\Bureau\lvo-web\server\src\store-persist.ts:70:30

  67 // Tentative app_snapshot (JSON blob) si Prisma est dispo
  68 try {
  69   const prisma = getPrisma();
→ 70   await prisma.appSnapshot.upsert(
Can't reach database server at `localhost:5433`

Please make sure your database server is running at `localhost:5433`.
prisma:error 
Invalid `prisma.user.upsert()` invocation in
C:\Users\Mili\OneDrive\Bureau\lvo-web\server\src\db-store.ts:52:33

  49 
  50 // 1. Users
  51 for (const u of users) {
→ 52   const r = await prisma.user.upsert(
Can't reach database server at `localhost:5433`

Please make sure your database server is running at `localhost:5433`.
[store] Échec sauvegarde DB normalisée, fallback snapshot : 
Invalid `prisma.user.upsert()` invocation in
C:\Users\Mili\OneDrive\Bureau\lvo-web\server\src\db-store.ts:52:33

  49 
  50 // 1. Users
  51 for (const u of users) {
→ 52   const r = await prisma.user.upsert(
Can't reach database server at `localhost:5433`

Please make sure your database server is running at `localhost:5433`.
prisma:error 
Invalid `prisma.appSnapshot.upsert()` invocation in
C:\Users\Mili\OneDrive\Bureau\lvo-web\server\src\store-persist.ts:70:30

  67 // Tentative app_snapshot (JSON blob) si Prisma est dispo
  68 try {
  69   const prisma = getPrisma();
→ 70   await prisma.appSnapshot.upsert(
Can't reach database server at `localhost:5433`

Please make sure your database server is running at `localhost:5433`.
[client-docs] MinIO indisponible, fallback local : 
prisma:error 
Invalid `prisma.user.upsert()` invocation in
C:\Users\Mili\OneDrive\Bureau\lvo-web\server\src\db-store.ts:52:33

  49 
  50 // 1. Users
  51 for (const u of users) {
→ 52   const r = await prisma.user.upsert(
Can't reach database server at `localhost:5433`

Please make sure your database server is running at `localhost:5433`.
[store] Échec sauvegarde DB normalisée, fallback snapshot : 
Invalid `prisma.user.upsert()` invocation in
C:\Users\Mili\OneDrive\Bureau\lvo-web\server\src\db-store.ts:52:33

  49 
  50 // 1. Users
  51 for (const u of users) {
→ 52   const r = await prisma.user.upsert(
Can't reach database server at `localhost:5433`

Please make sure your database server is running at `localhost:5433`.
prisma:error 
Invalid `prisma.appSnapshot.upsert()` invocation in
C:\Users\Mili\OneDrive\Bureau\lvo-web\server\src\store-persist.ts:70:30

  67 // Tentative app_snapshot (JSON blob) si Prisma est dispo
  68 try {
  69   const prisma = getPrisma();
→ 70   await prisma.appSnapshot.upsert(
Can't reach database server at `localhost:5433`

Please make sure your database server is running at `localhost:5433`.
[devis-groupement] MinIO fallback local : 
prisma:error 
Invalid `prisma.user.upsert()` invocation in
C:\Users\Mili\OneDrive\Bureau\lvo-web\server\src\db-store.ts:52:33

  49 
  50 // 1. Users
  51 for (const u of users) {
→ 52   const r = await prisma.user.upsert(
Can't reach database server at `localhost:5433`

Please make sure your database server is running at `localhost:5433`.
[store] Échec sauvegarde DB normalisée, fallback snapshot : 
Invalid `prisma.user.upsert()` invocation in
C:\Users\Mili\OneDrive\Bureau\lvo-web\server\src\db-store.ts:52:33

  49 
  50 // 1. Users
  51 for (const u of users) {
→ 52   const r = await prisma.user.upsert(
Can't reach database server at `localhost:5433`

Please make sure your database server is running at `localhost:5433`.
prisma:error 
Invalid `prisma.appSnapshot.upsert()` invocation in
C:\Users\Mili\OneDrive\Bureau\lvo-web\server\src\store-persist.ts:70:30

  67 // Tentative app_snapshot (JSON blob) si Prisma est dispo
  68 try {
  69   const prisma = getPrisma();
→ 70   await prisma.appSnapshot.upsert(
Can't reach database server at `localhost:5433`

Please make sure your database server is running at `localhost:5433`.
prisma:error 
Invalid `prisma.user.upsert()` invocation in
C:\Users\Mili\OneDrive\Bureau\lvo-web\server\src\db-store.ts:52:33

  49 
  50 // 1. Users
  51 for (const u of users) {
→ 52   const r = await prisma.user.upsert(
Can't reach database server at `localhost:5433`

Please make sure your database server is running at `localhost:5433`.
[store] Échec sauvegarde DB normalisée, fallback snapshot : 
Invalid `prisma.user.upsert()` invocation in
C:\Users\Mili\OneDrive\Bureau\lvo-web\server\src\db-store.ts:52:33

  49 
  50 // 1. Users
  51 for (const u of users) {
→ 52   const r = await prisma.user.upsert(
Can't reach database server at `localhost:5433`

Please make sure your database server is running at `localhost:5433`.
prisma:error 
Invalid `prisma.appSnapshot.upsert()` invocation in
C:\Users\Mili\OneDrive\Bureau\lvo-web\server\src\store-persist.ts:70:30

  67 // Tentative app_snapshot (JSON blob) si Prisma est dispo
  68 try {
  69   const prisma = getPrisma();
→ 70   await prisma.appSnapshot.upsert(
Can't reach database server at `localhost:5433`

Please make sure your database server is running at `localhost:5433`.
prisma:error 
Invalid `prisma.user.upsert()` invocation in
C:\Users\Mili\OneDrive\Bureau\lvo-web\server\src\db-store.ts:52:33

  49 
  50 // 1. Users
  51 for (const u of users) {
→ 52   const r = await prisma.user.upsert(
Can't reach database server at `localhost:5433`

Please make sure your database server is running at `localhost:5433`.
[store] Échec sauvegarde DB normalisée, fallback snapshot : 
Invalid `prisma.user.upsert()` invocation in
C:\Users\Mili\OneDrive\Bureau\lvo-web\server\src\db-store.ts:52:33

  49 
  50 // 1. Users
  51 for (const u of users) {
→ 52   const r = await prisma.user.upsert(
Can't reach database server at `localhost:5433`

Please make sure your database server is running at `localhost:5433`.
prisma:error 
Invalid `prisma.appSnapshot.upsert()` invocation in
C:\Users\Mili\OneDrive\Bureau\lvo-web\server\src\store-persist.ts:70:30

  67 // Tentative app_snapshot (JSON blob) si Prisma est dispo
  68 try {
  69   const prisma = getPrisma();
→ 70   await prisma.appSnapshot.upsert(
Can't reach database server at `localhost:5433`

Please make sure your database server is running at `localhost:5433`.
23:04:50 [tsx] change in ./src\routes\devis-groupement.ts Restarting...
c[minio] Impossible de vérifier/créer le bucket "lvo-sites" : 
[minio] Impossible de vérifier/créer le bucket "lvo-mms" : 
[minio] Impossible de vérifier/créer le bucket "lvo-client-docs" : 
[minio] Impossible de vérifier/créer le bucket "lvo-documents" : 
prisma:error 
Invalid `prisma.user.findMany()` invocation in
C:\Users\Mili\OneDrive\Bureau\lvo-web\server\src\db-store.ts:680:17

  677   dbContrats, dbInterventions, dbAlertes, dbMms,
  678   dbPendingQ, dbAudit, dbHistorique,
  679 ] = await Promise.all([
→ 680   prisma.user.findMany(
Can't reach database server at `localhost:5433`

Please make sure your database server is running at `localhost:5433`.
prisma:error 
Invalid `prisma.client.findMany()` invocation in
C:\Users\Mili\OneDrive\Bureau\lvo-web\server\src\db-store.ts:681:19

  678   dbPendingQ, dbAudit, dbHistorique,
  679 ] = await Promise.all([
  680   prisma.user.findMany({ where: { legacyId: { not: null } }, orderBy: { legacyId: "asc" } }),
→ 681   prisma.client.findMany(
Can't reach database server at `localhost:5433`

Please make sure your database server is running at `localhost:5433`.
prisma:error 
Invalid `prisma.contact.findMany()` invocation in
C:\Users\Mili\OneDrive\Bureau\lvo-web\server\src\db-store.ts:682:20

  679 ] = await Promise.all([
  680   prisma.user.findMany({ where: { legacyId: { not: null } }, orderBy: { legacyId: "asc" } }),
  681   prisma.client.findMany({ where: { legacyId: { not: null } }, orderBy: { legacyId: "asc" } }),
→ 682   prisma.contact.findMany(
Can't reach database server at `localhost:5433`

Please make sure your database server is running at `localhost:5433`.
prisma:error 
Invalid `prisma.site.findMany()` invocation in
C:\Users\Mili\OneDrive\Bureau\lvo-web\server\src\db-store.ts:683:17

  680 prisma.user.findMany({ where: { legacyId: { not: null } }, orderBy: { legacyId: "asc" } }),
  681 prisma.client.findMany({ where: { legacyId: { not: null } }, orderBy: { legacyId: "asc" } }),
  682 prisma.contact.findMany({ where: { legacyId: { not: null } }, orderBy: { legacyId: "asc" } }),
→ 683 prisma.site.findMany(
Can't reach database server at `localhost:5433`

Please make sure your database server is running at `localhost:5433`.
prisma:error 
Invalid `prisma.siteGestionnaire.findMany()` invocation in
C:\Users\Mili\OneDrive\Bureau\lvo-web\server\src\db-store.ts:684:29

  681 prisma.client.findMany({ where: { legacyId: { not: null } }, orderBy: { legacyId: "asc" } }),
  682 prisma.contact.findMany({ where: { legacyId: { not: null } }, orderBy: { legacyId: "asc" } }),
  683 prisma.site.findMany({ where: { legacyId: { not: null } }, orderBy: { legacyId: "asc" } }),
→ 684 prisma.siteGestionnaire.findMany(
Can't reach database server at `localhost:5433`

Please make sure your database server is running at `localhost:5433`.
prisma:error 
Invalid `prisma.siteEquipement.findMany()` invocation in
C:\Users\Mili\OneDrive\Bureau\lvo-web\server\src\db-store.ts:685:27

  682 prisma.contact.findMany({ where: { legacyId: { not: null } }, orderBy: { legacyId: "asc" } }),
  683 prisma.site.findMany({ where: { legacyId: { not: null } }, orderBy: { legacyId: "asc" } }),
  684 prisma.siteGestionnaire.findMany({ where: { legacyId: { not: null } }, orderBy: { legacyId: "asc" } }),
→ 685 prisma.siteEquipement.findMany(
Can't reach database server at `localhost:5433`

Please make sure your database server is running at `localhost:5433`.
prisma:error 
Invalid `prisma.siteArborescenceNode.findMany()` invocation in
C:\Users\Mili\OneDrive\Bureau\lvo-web\server\src\db-store.ts:686:33

  683 prisma.site.findMany({ where: { legacyId: { not: null } }, orderBy: { legacyId: "asc" } }),
  684 prisma.siteGestionnaire.findMany({ where: { legacyId: { not: null } }, orderBy: { legacyId: "asc" } }),
  685 prisma.siteEquipement.findMany({ where: { legacyId: { not: null } }, orderBy: { legacyId: "asc" } }),
→ 686 prisma.siteArborescenceNode.findMany(
Can't reach database server at `localhost:5433`

Please make sure your database server is running at `localhost:5433`.
prisma:error 
Invalid `prisma.offre.findMany()` invocation in
C:\Users\Mili\OneDrive\Bureau\lvo-web\server\src\db-store.ts:687:18

  684 prisma.siteGestionnaire.findMany({ where: { legacyId: { not: null } }, orderBy: { legacyId: "asc" } }),
  685 prisma.siteEquipement.findMany({ where: { legacyId: { not: null } }, orderBy: { legacyId: "asc" } }),
  686 prisma.siteArborescenceNode.findMany({ where: { legacyId: { not: null } }, orderBy: { legacyId: "asc" } }),
→ 687 prisma.offre.findMany(
Can't reach database server at `localhost:5433`

Please make sure your database server is running at `localhost:5433`.
prisma:error 
Invalid `prisma.commande.findMany()` invocation in
C:\Users\Mili\OneDrive\Bureau\lvo-web\server\src\db-store.ts:688:21

  685 prisma.siteEquipement.findMany({ where: { legacyId: { not: null } }, orderBy: { legacyId: "asc" } }),
  686 prisma.siteArborescenceNode.findMany({ where: { legacyId: { not: null } }, orderBy: { legacyId: "asc" } }),
  687 prisma.offre.findMany({ where: { legacyId: { not: null } }, orderBy: { legacyId: "asc" } }),
→ 688 prisma.commande.findMany(
Can't reach database server at `localhost:5433`

Please make sure your database server is running at `localhost:5433`.
prisma:error 
Invalid `prisma.facture.findMany()` invocation in
C:\Users\Mili\OneDrive\Bureau\lvo-web\server\src\db-store.ts:689:20

  686 prisma.siteArborescenceNode.findMany({ where: { legacyId: { not: null } }, orderBy: { legacyId: "asc" } }),
  687 prisma.offre.findMany({ where: { legacyId: { not: null } }, orderBy: { legacyId: "asc" } }),
  688 prisma.commande.findMany({ where: { legacyId: { not: null } }, orderBy: { legacyId: "asc" } }),
→ 689 prisma.facture.findMany(
Can't reach database server at `localhost:5433`

Please make sure your database server is running at `localhost:5433`.
prisma:error 
Invalid `prisma.avoir.findMany()` invocation in
C:\Users\Mili\OneDrive\Bureau\lvo-web\server\src\db-store.ts:690:18

  687 prisma.offre.findMany({ where: { legacyId: { not: null } }, orderBy: { legacyId: "asc" } }),
  688 prisma.commande.findMany({ where: { legacyId: { not: null } }, orderBy: { legacyId: "asc" } }),
  689 prisma.facture.findMany({ where: { legacyId: { not: null } }, orderBy: { legacyId: "asc" } }),
→ 690 prisma.avoir.findMany(
Can't reach database server at `localhost:5433`

Please make sure your database server is running at `localhost:5433`.
prisma:error 
Invalid `prisma.crmTask.findMany()` invocation in
C:\Users\Mili\OneDrive\Bureau\lvo-web\server\src\db-store.ts:691:20

  688 prisma.commande.findMany({ where: { legacyId: { not: null } }, orderBy: { legacyId: "asc" } }),
  689 prisma.facture.findMany({ where: { legacyId: { not: null } }, orderBy: { legacyId: "asc" } }),
  690 prisma.avoir.findMany({ where: { legacyId: { not: null } }, orderBy: { legacyId: "asc" } }),
→ 691 prisma.crmTask.findMany(
Can't reach database server at `localhost:5433`

Please make sure your database server is running at `localhost:5433`.
prisma:error 
Invalid `prisma.crmNotification.findMany()` invocation in
C:\Users\Mili\OneDrive\Bureau\lvo-web\server\src\db-store.ts:692:28

  689 prisma.facture.findMany({ where: { legacyId: { not: null } }, orderBy: { legacyId: "asc" } }),
  690 prisma.avoir.findMany({ where: { legacyId: { not: null } }, orderBy: { legacyId: "asc" } }),
  691 prisma.crmTask.findMany({ where: { legacyId: { not: null } }, orderBy: { legacyId: "asc" } }),
→ 692 prisma.crmNotification.findMany(
Can't reach database server at `localhost:5433`

Please make sure your database server is running at `localhost:5433`.
prisma:error 
Invalid `prisma.clientPortalMessage.findMany()` invocation in
C:\Users\Mili\OneDrive\Bureau\lvo-web\server\src\db-store.ts:693:32

  690 prisma.avoir.findMany({ where: { legacyId: { not: null } }, orderBy: { legacyId: "asc" } }),
  691 prisma.crmTask.findMany({ where: { legacyId: { not: null } }, orderBy: { legacyId: "asc" } }),
  692 prisma.crmNotification.findMany({ where: { legacyId: { not: null } }, orderBy: { legacyId: "asc" } }),
→ 693 prisma.clientPortalMessage.findMany(
Can't reach database server at `localhost:5433`

Please make sure your database server is running at `localhost:5433`.
prisma:error 
Invalid `prisma.clientPortalDocument.findMany()` invocation in
C:\Users\Mili\OneDrive\Bureau\lvo-web\server\src\db-store.ts:694:33

  691 prisma.crmTask.findMany({ where: { legacyId: { not: null } }, orderBy: { legacyId: "asc" } }),
  692 prisma.crmNotification.findMany({ where: { legacyId: { not: null } }, orderBy: { legacyId: "asc" } }),
  693 prisma.clientPortalMessage.findMany({ where: { legacyId: { not: null } }, orderBy: { legacyId: "asc" } }),
→ 694 prisma.clientPortalDocument.findMany(
Can't reach database server at `localhost:5433`

Please make sure your database server is running at `localhost:5433`.
prisma:error 
Invalid `prisma.clientPortalNotification.findMany()` invocation in
C:\Users\Mili\OneDrive\Bureau\lvo-web\server\src\db-store.ts:695:37

  692 prisma.crmNotification.findMany({ where: { legacyId: { not: null } }, orderBy: { legacyId: "asc" } }),
  693 prisma.clientPortalMessage.findMany({ where: { legacyId: { not: null } }, orderBy: { legacyId: "asc" } }),
  694 prisma.clientPortalDocument.findMany({ where: { legacyId: { not: null } }, orderBy: { legacyId: "asc" } }),
→ 695 prisma.clientPortalNotification.findMany(
Can't reach database server at `localhost:5433`

Please make sure your database server is running at `localhost:5433`.
prisma:error 
Invalid `prisma.clientContrat.findMany()` invocation in
C:\Users\Mili\OneDrive\Bureau\lvo-web\server\src\db-store.ts:696:26

  693 prisma.clientPortalMessage.findMany({ where: { legacyId: { not: null } }, orderBy: { legacyId: "asc" } }),
  694 prisma.clientPortalDocument.findMany({ where: { legacyId: { not: null } }, orderBy: { legacyId: "asc" } }),
  695 prisma.clientPortalNotification.findMany({ where: { legacyId: { not: null } }, orderBy: { legacyId: "asc" } }),
→ 696 prisma.clientContrat.findMany(
Can't reach database server at `localhost:5433`

Please make sure your database server is running at `localhost:5433`.
prisma:error 
Invalid `prisma.clientIntervention.findMany()` invocation in
C:\Users\Mili\OneDrive\Bureau\lvo-web\server\src\db-store.ts:697:31

  694 prisma.clientPortalDocument.findMany({ where: { legacyId: { not: null } }, orderBy: { legacyId: "asc" } }),
  695 prisma.clientPortalNotification.findMany({ where: { legacyId: { not: null } }, orderBy: { legacyId: "asc" } }),
  696 prisma.clientContrat.findMany({ where: { legacyId: { not: null } }, orderBy: { legacyId: "asc" } }),
→ 697 prisma.clientIntervention.findMany(
Can't reach database server at `localhost:5433`

Please make sure your database server is running at `localhost:5433`.
prisma:error 
Invalid `prisma.clientAlertesConfig.findMany()` invocation in
C:\Users\Mili\OneDrive\Bureau\lvo-web\server\src\db-store.ts:698:32

  695 prisma.clientPortalNotification.findMany({ where: { legacyId: { not: null } }, orderBy: { legacyId: "asc" } }),
  696 prisma.clientContrat.findMany({ where: { legacyId: { not: null } }, orderBy: { legacyId: "asc" } }),
  697 prisma.clientIntervention.findMany({ where: { legacyId: { not: null } }, orderBy: { legacyId: "asc" } }),
→ 698 prisma.clientAlertesConfig.findMany(
Can't reach database server at `localhost:5433`

Please make sure your database server is running at `localhost:5433`.
prisma:error 
Invalid `prisma.mmsRapport.findMany()` invocation in
C:\Users\Mili\OneDrive\Bureau\lvo-web\server\src\db-store.ts:699:23

  696 prisma.clientContrat.findMany({ where: { legacyId: { not: null } }, orderBy: { legacyId: "asc" } }),
  697 prisma.clientIntervention.findMany({ where: { legacyId: { not: null } }, orderBy: { legacyId: "asc" } }),
  698 prisma.clientAlertesConfig.findMany(),
→ 699 prisma.mmsRapport.findMany(
Can't reach database server at `localhost:5433`

Please make sure your database server is running at `localhost:5433`.
prisma:error 
Invalid `prisma.pendingQuontoTransaction.findMany()` invocation in
C:\Users\Mili\OneDrive\Bureau\lvo-web\server\src\db-store.ts:700:37

  697 prisma.clientIntervention.findMany({ where: { legacyId: { not: null } }, orderBy: { legacyId: "asc" } }),
  698 prisma.clientAlertesConfig.findMany(),
  699 prisma.mmsRapport.findMany({ where: { legacyId: { not: null } }, orderBy: { legacyId: "asc" } }),
→ 700 prisma.pendingQuontoTransaction.findMany(
Can't reach database server at `localhost:5433`

Please make sure your database server is running at `localhost:5433`.
prisma:error 
Invalid `prisma.auditLog.findMany()` invocation in
C:\Users\Mili\OneDrive\Bureau\lvo-web\server\src\db-store.ts:701:21

  698 prisma.clientAlertesConfig.findMany(),
  699 prisma.mmsRapport.findMany({ where: { legacyId: { not: null } }, orderBy: { legacyId: "asc" } }),
  700 prisma.pendingQuontoTransaction.findMany({ where: { legacyId: { not: null } }, orderBy: { legacyId: "asc" } }),
→ 701 prisma.auditLog.findMany(
Can't reach database server at `localhost:5433`

Please make sure your database server is running at `localhost:5433`.
prisma:error 
Invalid `prisma.historiqueAnnulation.findMany()` invocation in
C:\Users\Mili\OneDrive\Bureau\lvo-web\server\src\db-store.ts:702:33

  699 prisma.mmsRapport.findMany({ where: { legacyId: { not: null } }, orderBy: { legacyId: "asc" } }),
  700 prisma.pendingQuontoTransaction.findMany({ where: { legacyId: { not: null } }, orderBy: { legacyId: "asc" } }),
  701 prisma.auditLog.findMany({ where: { legacyId: { not: null } }, orderBy: { legacyId: "asc" } }),
→ 702 prisma.historiqueAnnulation.findMany(
Can't reach database server at `localhost:5433`

Please make sure your database server is running at `localhost:5433`.
[store] DB indisponible, fallback snapshot JSON : 
Invalid `prisma.user.findMany()` invocation in
C:\Users\Mili\OneDrive\Bureau\lvo-web\server\src\db-store.ts:680:17

  677   dbContrats, dbInterventions, dbAlertes, dbMms,
  678   dbPendingQ, dbAudit, dbHistorique,
  679 ] = await Promise.all([
→ 680   prisma.user.findMany(
Can't reach database server at `localhost:5433`

Please make sure your database server is running at `localhost:5433`.
[store] Données restaurées depuis postgresql (tables normalisées)
LVO API listening on http://localhost:8080
Comptes démo : admin@lvo-ing.fr / lvo123 (ADMIN), manager@lvo-ing.fr / lvo123 (MANAGER), consultant@ / viewer@ — mot de passe lvo123
23:05:15 [tsx] change in ./src\routes\devis-groupement.ts Restarting...
c[minio] Impossible de vérifier/créer le bucket "lvo-sites" : 
[minio] Impossible de vérifier/créer le bucket "lvo-mms" : 
[minio] Impossible de vérifier/créer le bucket "lvo-client-docs" : 
[minio] Impossible de vérifier/créer le bucket "lvo-documents" : 
prisma:error 
Invalid `prisma.user.findMany()` invocation in
C:\Users\Mili\OneDrive\Bureau\lvo-web\server\src\db-store.ts:680:17

  677   dbContrats, dbInterventions, dbAlertes, dbMms,
  678   dbPendingQ, dbAudit, dbHistorique,
  679 ] = await Promise.all([
→ 680   prisma.user.findMany(
Can't reach database server at `localhost:5433`

Please make sure your database server is running at `localhost:5433`.
prisma:error 
Invalid `prisma.client.findMany()` invocation in
C:\Users\Mili\OneDrive\Bureau\lvo-web\server\src\db-store.ts:681:19

  678   dbPendingQ, dbAudit, dbHistorique,
  679 ] = await Promise.all([
  680   prisma.user.findMany({ where: { legacyId: { not: null } }, orderBy: { legacyId: "asc" } }),
→ 681   prisma.client.findMany(
Can't reach database server at `localhost:5433`

Please make sure your database server is running at `localhost:5433`.
prisma:error 
Invalid `prisma.contact.findMany()` invocation in
C:\Users\Mili\OneDrive\Bureau\lvo-web\server\src\db-store.ts:682:20

  679 ] = await Promise.all([
  680   prisma.user.findMany({ where: { legacyId: { not: null } }, orderBy: { legacyId: "asc" } }),
  681   prisma.client.findMany({ where: { legacyId: { not: null } }, orderBy: { legacyId: "asc" } }),
→ 682   prisma.contact.findMany(
Can't reach database server at `localhost:5433`

Please make sure your database server is running at `localhost:5433`.
prisma:error 
Invalid `prisma.site.findMany()` invocation in
C:\Users\Mili\OneDrive\Bureau\lvo-web\server\src\db-store.ts:683:17

  680 prisma.user.findMany({ where: { legacyId: { not: null } }, orderBy: { legacyId: "asc" } }),
  681 prisma.client.findMany({ where: { legacyId: { not: null } }, orderBy: { legacyId: "asc" } }),
  682 prisma.contact.findMany({ where: { legacyId: { not: null } }, orderBy: { legacyId: "asc" } }),
→ 683 prisma.site.findMany(
Can't reach database server at `localhost:5433`

Please make sure your database server is running at `localhost:5433`.
prisma:error 
Invalid `prisma.siteGestionnaire.findMany()` invocation in
C:\Users\Mili\OneDrive\Bureau\lvo-web\server\src\db-store.ts:684:29

  681 prisma.client.findMany({ where: { legacyId: { not: null } }, orderBy: { legacyId: "asc" } }),
  682 prisma.contact.findMany({ where: { legacyId: { not: null } }, orderBy: { legacyId: "asc" } }),
  683 prisma.site.findMany({ where: { legacyId: { not: null } }, orderBy: { legacyId: "asc" } }),
→ 684 prisma.siteGestionnaire.findMany(
Can't reach database server at `localhost:5433`

Please make sure your database server is running at `localhost:5433`.
prisma:error 
Invalid `prisma.siteEquipement.findMany()` invocation in
C:\Users\Mili\OneDrive\Bureau\lvo-web\server\src\db-store.ts:685:27

  682 prisma.contact.findMany({ where: { legacyId: { not: null } }, orderBy: { legacyId: "asc" } }),
  683 prisma.site.findMany({ where: { legacyId: { not: null } }, orderBy: { legacyId: "asc" } }),
  684 prisma.siteGestionnaire.findMany({ where: { legacyId: { not: null } }, orderBy: { legacyId: "asc" } }),
→ 685 prisma.siteEquipement.findMany(
Can't reach database server at `localhost:5433`

Please make sure your database server is running at `localhost:5433`.
prisma:error 
Invalid `prisma.siteArborescenceNode.findMany()` invocation in
C:\Users\Mili\OneDrive\Bureau\lvo-web\server\src\db-store.ts:686:33

  683 prisma.site.findMany({ where: { legacyId: { not: null } }, orderBy: { legacyId: "asc" } }),
  684 prisma.siteGestionnaire.findMany({ where: { legacyId: { not: null } }, orderBy: { legacyId: "asc" } }),
  685 prisma.siteEquipement.findMany({ where: { legacyId: { not: null } }, orderBy: { legacyId: "asc" } }),
→ 686 prisma.siteArborescenceNode.findMany(
Can't reach database server at `localhost:5433`

Please make sure your database server is running at `localhost:5433`.
prisma:error 
Invalid `prisma.offre.findMany()` invocation in
C:\Users\Mili\OneDrive\Bureau\lvo-web\server\src\db-store.ts:687:18

  684 prisma.siteGestionnaire.findMany({ where: { legacyId: { not: null } }, orderBy: { legacyId: "asc" } }),
  685 prisma.siteEquipement.findMany({ where: { legacyId: { not: null } }, orderBy: { legacyId: "asc" } }),
  686 prisma.siteArborescenceNode.findMany({ where: { legacyId: { not: null } }, orderBy: { legacyId: "asc" } }),
→ 687 prisma.offre.findMany(
Can't reach database server at `localhost:5433`

Please make sure your database server is running at `localhost:5433`.
prisma:error 
Invalid `prisma.commande.findMany()` invocation in
C:\Users\Mili\OneDrive\Bureau\lvo-web\server\src\db-store.ts:688:21

  685 prisma.siteEquipement.findMany({ where: { legacyId: { not: null } }, orderBy: { legacyId: "asc" } }),
  686 prisma.siteArborescenceNode.findMany({ where: { legacyId: { not: null } }, orderBy: { legacyId: "asc" } }),
  687 prisma.offre.findMany({ where: { legacyId: { not: null } }, orderBy: { legacyId: "asc" } }),
→ 688 prisma.commande.findMany(
Can't reach database server at `localhost:5433`

Please make sure your database server is running at `localhost:5433`.
prisma:error 
Invalid `prisma.facture.findMany()` invocation in
C:\Users\Mili\OneDrive\Bureau\lvo-web\server\src\db-store.ts:689:20

  686 prisma.siteArborescenceNode.findMany({ where: { legacyId: { not: null } }, orderBy: { legacyId: "asc" } }),
  687 prisma.offre.findMany({ where: { legacyId: { not: null } }, orderBy: { legacyId: "asc" } }),
  688 prisma.commande.findMany({ where: { legacyId: { not: null } }, orderBy: { legacyId: "asc" } }),
→ 689 prisma.facture.findMany(
Can't reach database server at `localhost:5433`

Please make sure your database server is running at `localhost:5433`.
prisma:error 
Invalid `prisma.avoir.findMany()` invocation in
C:\Users\Mili\OneDrive\Bureau\lvo-web\server\src\db-store.ts:690:18

  687 prisma.offre.findMany({ where: { legacyId: { not: null } }, orderBy: { legacyId: "asc" } }),
  688 prisma.commande.findMany({ where: { legacyId: { not: null } }, orderBy: { legacyId: "asc" } }),
  689 prisma.facture.findMany({ where: { legacyId: { not: null } }, orderBy: { legacyId: "asc" } }),
→ 690 prisma.avoir.findMany(
Can't reach database server at `localhost:5433`

Please make sure your database server is running at `localhost:5433`.
prisma:error 
Invalid `prisma.crmTask.findMany()` invocation in
C:\Users\Mili\OneDrive\Bureau\lvo-web\server\src\db-store.ts:691:20

  688 prisma.commande.findMany({ where: { legacyId: { not: null } }, orderBy: { legacyId: "asc" } }),
  689 prisma.facture.findMany({ where: { legacyId: { not: null } }, orderBy: { legacyId: "asc" } }),
  690 prisma.avoir.findMany({ where: { legacyId: { not: null } }, orderBy: { legacyId: "asc" } }),
→ 691 prisma.crmTask.findMany(
Can't reach database server at `localhost:5433`

Please make sure your database server is running at `localhost:5433`.
prisma:error 
Invalid `prisma.crmNotification.findMany()` invocation in
C:\Users\Mili\OneDrive\Bureau\lvo-web\server\src\db-store.ts:692:28

  689 prisma.facture.findMany({ where: { legacyId: { not: null } }, orderBy: { legacyId: "asc" } }),
  690 prisma.avoir.findMany({ where: { legacyId: { not: null } }, orderBy: { legacyId: "asc" } }),
  691 prisma.crmTask.findMany({ where: { legacyId: { not: null } }, orderBy: { legacyId: "asc" } }),
→ 692 prisma.crmNotification.findMany(
Can't reach database server at `localhost:5433`

Please make sure your database server is running at `localhost:5433`.
prisma:error 
Invalid `prisma.clientPortalMessage.findMany()` invocation in
C:\Users\Mili\OneDrive\Bureau\lvo-web\server\src\db-store.ts:693:32

  690 prisma.avoir.findMany({ where: { legacyId: { not: null } }, orderBy: { legacyId: "asc" } }),
  691 prisma.crmTask.findMany({ where: { legacyId: { not: null } }, orderBy: { legacyId: "asc" } }),
  692 prisma.crmNotification.findMany({ where: { legacyId: { not: null } }, orderBy: { legacyId: "asc" } }),
→ 693 prisma.clientPortalMessage.findMany(
Can't reach database server at `localhost:5433`

Please make sure your database server is running at `localhost:5433`.
prisma:error 
Invalid `prisma.clientPortalDocument.findMany()` invocation in
C:\Users\Mili\OneDrive\Bureau\lvo-web\server\src\db-store.ts:694:33

  691 prisma.crmTask.findMany({ where: { legacyId: { not: null } }, orderBy: { legacyId: "asc" } }),
  692 prisma.crmNotification.findMany({ where: { legacyId: { not: null } }, orderBy: { legacyId: "asc" } }),
  693 prisma.clientPortalMessage.findMany({ where: { legacyId: { not: null } }, orderBy: { legacyId: "asc" } }),
→ 694 prisma.clientPortalDocument.findMany(
Can't reach database server at `localhost:5433`

Please make sure your database server is running at `localhost:5433`.
prisma:error 
Invalid `prisma.clientPortalNotification.findMany()` invocation in
C:\Users\Mili\OneDrive\Bureau\lvo-web\server\src\db-store.ts:695:37

  692 prisma.crmNotification.findMany({ where: { legacyId: { not: null } }, orderBy: { legacyId: "asc" } }),
  693 prisma.clientPortalMessage.findMany({ where: { legacyId: { not: null } }, orderBy: { legacyId: "asc" } }),
  694 prisma.clientPortalDocument.findMany({ where: { legacyId: { not: null } }, orderBy: { legacyId: "asc" } }),
→ 695 prisma.clientPortalNotification.findMany(
Can't reach database server at `localhost:5433`

Please make sure your database server is running at `localhost:5433`.
prisma:error 
Invalid `prisma.clientContrat.findMany()` invocation in
C:\Users\Mili\OneDrive\Bureau\lvo-web\server\src\db-store.ts:696:26

  693 prisma.clientPortalMessage.findMany({ where: { legacyId: { not: null } }, orderBy: { legacyId: "asc" } }),
  694 prisma.clientPortalDocument.findMany({ where: { legacyId: { not: null } }, orderBy: { legacyId: "asc" } }),
  695 prisma.clientPortalNotification.findMany({ where: { legacyId: { not: null } }, orderBy: { legacyId: "asc" } }),
→ 696 prisma.clientContrat.findMany(
Can't reach database server at `localhost:5433`

Please make sure your database server is running at `localhost:5433`.
prisma:error 
Invalid `prisma.clientIntervention.findMany()` invocation in
C:\Users\Mili\OneDrive\Bureau\lvo-web\server\src\db-store.ts:697:31

  694 prisma.clientPortalDocument.findMany({ where: { legacyId: { not: null } }, orderBy: { legacyId: "asc" } }),
  695 prisma.clientPortalNotification.findMany({ where: { legacyId: { not: null } }, orderBy: { legacyId: "asc" } }),
  696 prisma.clientContrat.findMany({ where: { legacyId: { not: null } }, orderBy: { legacyId: "asc" } }),
→ 697 prisma.clientIntervention.findMany(
Can't reach database server at `localhost:5433`

Please make sure your database server is running at `localhost:5433`.
prisma:error 
Invalid `prisma.clientAlertesConfig.findMany()` invocation in
C:\Users\Mili\OneDrive\Bureau\lvo-web\server\src\db-store.ts:698:32

  695 prisma.clientPortalNotification.findMany({ where: { legacyId: { not: null } }, orderBy: { legacyId: "asc" } }),
  696 prisma.clientContrat.findMany({ where: { legacyId: { not: null } }, orderBy: { legacyId: "asc" } }),
  697 prisma.clientIntervention.findMany({ where: { legacyId: { not: null } }, orderBy: { legacyId: "asc" } }),
→ 698 prisma.clientAlertesConfig.findMany(
Can't reach database server at `localhost:5433`

Please make sure your database server is running at `localhost:5433`.
prisma:error 
Invalid `prisma.mmsRapport.findMany()` invocation in
C:\Users\Mili\OneDrive\Bureau\lvo-web\server\src\db-store.ts:699:23

  696 prisma.clientContrat.findMany({ where: { legacyId: { not: null } }, orderBy: { legacyId: "asc" } }),
  697 prisma.clientIntervention.findMany({ where: { legacyId: { not: null } }, orderBy: { legacyId: "asc" } }),
  698 prisma.clientAlertesConfig.findMany(),
→ 699 prisma.mmsRapport.findMany(
Can't reach database server at `localhost:5433`

Please make sure your database server is running at `localhost:5433`.
prisma:error 
Invalid `prisma.pendingQuontoTransaction.findMany()` invocation in
C:\Users\Mili\OneDrive\Bureau\lvo-web\server\src\db-store.ts:700:37

  697 prisma.clientIntervention.findMany({ where: { legacyId: { not: null } }, orderBy: { legacyId: "asc" } }),
  698 prisma.clientAlertesConfig.findMany(),
  699 prisma.mmsRapport.findMany({ where: { legacyId: { not: null } }, orderBy: { legacyId: "asc" } }),
→ 700 prisma.pendingQuontoTransaction.findMany(
Can't reach database server at `localhost:5433`

Please make sure your database server is running at `localhost:5433`.
prisma:error 
Invalid `prisma.auditLog.findMany()` invocation in
C:\Users\Mili\OneDrive\Bureau\lvo-web\server\src\db-store.ts:701:21

  698 prisma.clientAlertesConfig.findMany(),
  699 prisma.mmsRapport.findMany({ where: { legacyId: { not: null } }, orderBy: { legacyId: "asc" } }),
  700 prisma.pendingQuontoTransaction.findMany({ where: { legacyId: { not: null } }, orderBy: { legacyId: "asc" } }),
→ 701 prisma.auditLog.findMany(
Can't reach database server at `localhost:5433`

Please make sure your database server is running at `localhost:5433`.
prisma:error 
Invalid `prisma.historiqueAnnulation.findMany()` invocation in
C:\Users\Mili\OneDrive\Bureau\lvo-web\server\src\db-store.ts:702:33

  699 prisma.mmsRapport.findMany({ where: { legacyId: { not: null } }, orderBy: { legacyId: "asc" } }),
  700 prisma.pendingQuontoTransaction.findMany({ where: { legacyId: { not: null } }, orderBy: { legacyId: "asc" } }),
  701 prisma.auditLog.findMany({ where: { legacyId: { not: null } }, orderBy: { legacyId: "asc" } }),
→ 702 prisma.historiqueAnnulation.findMany(
Can't reach database server at `localhost:5433`

Please make sure your database server is running at `localhost:5433`.
[store] DB indisponible, fallback snapshot JSON : 
Invalid `prisma.user.findMany()` invocation in
C:\Users\Mili\OneDrive\Bureau\lvo-web\server\src\db-store.ts:680:17

  677   dbContrats, dbInterventions, dbAlertes, dbMms,
  678   dbPendingQ, dbAudit, dbHistorique,
  679 ] = await Promise.all([
→ 680   prisma.user.findMany(
Can't reach database server at `localhost:5433`

Please make sure your database server is running at `localhost:5433`.
[store] Données restaurées depuis postgresql (tables normalisées)
LVO API listening on http://localhost:8080
Comptes démo : admin@lvo-ing.fr / lvo123 (ADMIN), manager@lvo-ing.fr / lvo123 (MANAGER), consultant@ / viewer@ — mot de passe lvo123
23:08:16 [tsx] change in ./src\routes\devis-groupement.ts Restarting...
c[minio] Impossible de vérifier/créer le bucket "lvo-sites" : 
[minio] Impossible de vérifier/créer le bucket "lvo-mms" : 
[minio] Impossible de vérifier/créer le bucket "lvo-client-docs" : 
[minio] Impossible de vérifier/créer le bucket "lvo-documents" : 
prisma:error 
Invalid `prisma.user.findMany()` invocation in
C:\Users\Mili\OneDrive\Bureau\lvo-web\server\src\db-store.ts:680:17

  677   dbContrats, dbInterventions, dbAlertes, dbMms,
  678   dbPendingQ, dbAudit, dbHistorique,
  679 ] = await Promise.all([
→ 680   prisma.user.findMany(
Can't reach database server at `localhost:5433`

Please make sure your database server is running at `localhost:5433`.
prisma:error 
Invalid `prisma.client.findMany()` invocation in
C:\Users\Mili\OneDrive\Bureau\lvo-web\server\src\db-store.ts:681:19

  678   dbPendingQ, dbAudit, dbHistorique,
  679 ] = await Promise.all([
  680   prisma.user.findMany({ where: { legacyId: { not: null } }, orderBy: { legacyId: "asc" } }),
→ 681   prisma.client.findMany(
Can't reach database server at `localhost:5433`

Please make sure your database server is running at `localhost:5433`.
prisma:error 
Invalid `prisma.contact.findMany()` invocation in
C:\Users\Mili\OneDrive\Bureau\lvo-web\server\src\db-store.ts:682:20

  679 ] = await Promise.all([
  680   prisma.user.findMany({ where: { legacyId: { not: null } }, orderBy: { legacyId: "asc" } }),
  681   prisma.client.findMany({ where: { legacyId: { not: null } }, orderBy: { legacyId: "asc" } }),
→ 682   prisma.contact.findMany(
Can't reach database server at `localhost:5433`

Please make sure your database server is running at `localhost:5433`.
prisma:error 
Invalid `prisma.site.findMany()` invocation in
C:\Users\Mili\OneDrive\Bureau\lvo-web\server\src\db-store.ts:683:17

  680 prisma.user.findMany({ where: { legacyId: { not: null } }, orderBy: { legacyId: "asc" } }),
  681 prisma.client.findMany({ where: { legacyId: { not: null } }, orderBy: { legacyId: "asc" } }),
  682 prisma.contact.findMany({ where: { legacyId: { not: null } }, orderBy: { legacyId: "asc" } }),
→ 683 prisma.site.findMany(
Can't reach database server at `localhost:5433`

Please make sure your database server is running at `localhost:5433`.
prisma:error 
Invalid `prisma.siteGestionnaire.findMany()` invocation in
C:\Users\Mili\OneDrive\Bureau\lvo-web\server\src\db-store.ts:684:29

  681 prisma.client.findMany({ where: { legacyId: { not: null } }, orderBy: { legacyId: "asc" } }),
  682 prisma.contact.findMany({ where: { legacyId: { not: null } }, orderBy: { legacyId: "asc" } }),
  683 prisma.site.findMany({ where: { legacyId: { not: null } }, orderBy: { legacyId: "asc" } }),
→ 684 prisma.siteGestionnaire.findMany(
Can't reach database server at `localhost:5433`

Please make sure your database server is running at `localhost:5433`.
prisma:error 
Invalid `prisma.siteEquipement.findMany()` invocation in
C:\Users\Mili\OneDrive\Bureau\lvo-web\server\src\db-store.ts:685:27

  682 prisma.contact.findMany({ where: { legacyId: { not: null } }, orderBy: { legacyId: "asc" } }),
  683 prisma.site.findMany({ where: { legacyId: { not: null } }, orderBy: { legacyId: "asc" } }),
  684 prisma.siteGestionnaire.findMany({ where: { legacyId: { not: null } }, orderBy: { legacyId: "asc" } }),
→ 685 prisma.siteEquipement.findMany(
Can't reach database server at `localhost:5433`

Please make sure your database server is running at `localhost:5433`.
prisma:error 
Invalid `prisma.siteArborescenceNode.findMany()` invocation in
C:\Users\Mili\OneDrive\Bureau\lvo-web\server\src\db-store.ts:686:33

  683 prisma.site.findMany({ where: { legacyId: { not: null } }, orderBy: { legacyId: "asc" } }),
  684 prisma.siteGestionnaire.findMany({ where: { legacyId: { not: null } }, orderBy: { legacyId: "asc" } }),
  685 prisma.siteEquipement.findMany({ where: { legacyId: { not: null } }, orderBy: { legacyId: "asc" } }),
→ 686 prisma.siteArborescenceNode.findMany(
Can't reach database server at `localhost:5433`

Please make sure your database server is running at `localhost:5433`.
prisma:error 
Invalid `prisma.offre.findMany()` invocation in
C:\Users\Mili\OneDrive\Bureau\lvo-web\server\src\db-store.ts:687:18

  684 prisma.siteGestionnaire.findMany({ where: { legacyId: { not: null } }, orderBy: { legacyId: "asc" } }),
  685 prisma.siteEquipement.findMany({ where: { legacyId: { not: null } }, orderBy: { legacyId: "asc" } }),
  686 prisma.siteArborescenceNode.findMany({ where: { legacyId: { not: null } }, orderBy: { legacyId: "asc" } }),
→ 687 prisma.offre.findMany(
Can't reach database server at `localhost:5433`

Please make sure your database server is running at `localhost:5433`.
prisma:error 
Invalid `prisma.commande.findMany()` invocation in
C:\Users\Mili\OneDrive\Bureau\lvo-web\server\src\db-store.ts:688:21

  685 prisma.siteEquipement.findMany({ where: { legacyId: { not: null } }, orderBy: { legacyId: "asc" } }),
  686 prisma.siteArborescenceNode.findMany({ where: { legacyId: { not: null } }, orderBy: { legacyId: "asc" } }),
  687 prisma.offre.findMany({ where: { legacyId: { not: null } }, orderBy: { legacyId: "asc" } }),
→ 688 prisma.commande.findMany(
Can't reach database server at `localhost:5433`

Please make sure your database server is running at `localhost:5433`.
prisma:error 
Invalid `prisma.facture.findMany()` invocation in
C:\Users\Mili\OneDrive\Bureau\lvo-web\server\src\db-store.ts:689:20

  686 prisma.siteArborescenceNode.findMany({ where: { legacyId: { not: null } }, orderBy: { legacyId: "asc" } }),
  687 prisma.offre.findMany({ where: { legacyId: { not: null } }, orderBy: { legacyId: "asc" } }),
  688 prisma.commande.findMany({ where: { legacyId: { not: null } }, orderBy: { legacyId: "asc" } }),
→ 689 prisma.facture.findMany(
Can't reach database server at `localhost:5433`

Please make sure your database server is running at `localhost:5433`.
prisma:error 
Invalid `prisma.avoir.findMany()` invocation in
C:\Users\Mili\OneDrive\Bureau\lvo-web\server\src\db-store.ts:690:18

  687 prisma.offre.findMany({ where: { legacyId: { not: null } }, orderBy: { legacyId: "asc" } }),
  688 prisma.commande.findMany({ where: { legacyId: { not: null } }, orderBy: { legacyId: "asc" } }),
  689 prisma.facture.findMany({ where: { legacyId: { not: null } }, orderBy: { legacyId: "asc" } }),
→ 690 prisma.avoir.findMany(
Can't reach database server at `localhost:5433`

Please make sure your database server is running at `localhost:5433`.
prisma:error 
Invalid `prisma.crmTask.findMany()` invocation in
C:\Users\Mili\OneDrive\Bureau\lvo-web\server\src\db-store.ts:691:20

  688 prisma.commande.findMany({ where: { legacyId: { not: null } }, orderBy: { legacyId: "asc" } }),
  689 prisma.facture.findMany({ where: { legacyId: { not: null } }, orderBy: { legacyId: "asc" } }),
  690 prisma.avoir.findMany({ where: { legacyId: { not: null } }, orderBy: { legacyId: "asc" } }),
→ 691 prisma.crmTask.findMany(
Can't reach database server at `localhost:5433`

Please make sure your database server is running at `localhost:5433`.
prisma:error 
Invalid `prisma.crmNotification.findMany()` invocation in
C:\Users\Mili\OneDrive\Bureau\lvo-web\server\src\db-store.ts:692:28

  689 prisma.facture.findMany({ where: { legacyId: { not: null } }, orderBy: { legacyId: "asc" } }),
  690 prisma.avoir.findMany({ where: { legacyId: { not: null } }, orderBy: { legacyId: "asc" } }),
  691 prisma.crmTask.findMany({ where: { legacyId: { not: null } }, orderBy: { legacyId: "asc" } }),
→ 692 prisma.crmNotification.findMany(
Can't reach database server at `localhost:5433`

Please make sure your database server is running at `localhost:5433`.
prisma:error 
Invalid `prisma.clientPortalMessage.findMany()` invocation in
C:\Users\Mili\OneDrive\Bureau\lvo-web\server\src\db-store.ts:693:32

  690 prisma.avoir.findMany({ where: { legacyId: { not: null } }, orderBy: { legacyId: "asc" } }),
  691 prisma.crmTask.findMany({ where: { legacyId: { not: null } }, orderBy: { legacyId: "asc" } }),
  692 prisma.crmNotification.findMany({ where: { legacyId: { not: null } }, orderBy: { legacyId: "asc" } }),
→ 693 prisma.clientPortalMessage.findMany(
Can't reach database server at `localhost:5433`

Please make sure your database server is running at `localhost:5433`.
prisma:error 
Invalid `prisma.clientPortalDocument.findMany()` invocation in
C:\Users\Mili\OneDrive\Bureau\lvo-web\server\src\db-store.ts:694:33

  691 prisma.crmTask.findMany({ where: { legacyId: { not: null } }, orderBy: { legacyId: "asc" } }),
  692 prisma.crmNotification.findMany({ where: { legacyId: { not: null } }, orderBy: { legacyId: "asc" } }),
  693 prisma.clientPortalMessage.findMany({ where: { legacyId: { not: null } }, orderBy: { legacyId: "asc" } }),
→ 694 prisma.clientPortalDocument.findMany(
Can't reach database server at `localhost:5433`

Please make sure your database server is running at `localhost:5433`.
prisma:error 
Invalid `prisma.clientPortalNotification.findMany()` invocation in
C:\Users\Mili\OneDrive\Bureau\lvo-web\server\src\db-store.ts:695:37

  692 prisma.crmNotification.findMany({ where: { legacyId: { not: null } }, orderBy: { legacyId: "asc" } }),
  693 prisma.clientPortalMessage.findMany({ where: { legacyId: { not: null } }, orderBy: { legacyId: "asc" } }),
  694 prisma.clientPortalDocument.findMany({ where: { legacyId: { not: null } }, orderBy: { legacyId: "asc" } }),
→ 695 prisma.clientPortalNotification.findMany(
Can't reach database server at `localhost:5433`

Please make sure your database server is running at `localhost:5433`.
prisma:error 
Invalid `prisma.clientContrat.findMany()` invocation in
C:\Users\Mili\OneDrive\Bureau\lvo-web\server\src\db-store.ts:696:26

  693 prisma.clientPortalMessage.findMany({ where: { legacyId: { not: null } }, orderBy: { legacyId: "asc" } }),
  694 prisma.clientPortalDocument.findMany({ where: { legacyId: { not: null } }, orderBy: { legacyId: "asc" } }),
  695 prisma.clientPortalNotification.findMany({ where: { legacyId: { not: null } }, orderBy: { legacyId: "asc" } }),
→ 696 prisma.clientContrat.findMany(
Can't reach database server at `localhost:5433`

Please make sure your database server is running at `localhost:5433`.
prisma:error 
Invalid `prisma.clientIntervention.findMany()` invocation in
C:\Users\Mili\OneDrive\Bureau\lvo-web\server\src\db-store.ts:697:31

  694 prisma.clientPortalDocument.findMany({ where: { legacyId: { not: null } }, orderBy: { legacyId: "asc" } }),
  695 prisma.clientPortalNotification.findMany({ where: { legacyId: { not: null } }, orderBy: { legacyId: "asc" } }),
  696 prisma.clientContrat.findMany({ where: { legacyId: { not: null } }, orderBy: { legacyId: "asc" } }),
→ 697 prisma.clientIntervention.findMany(
Can't reach database server at `localhost:5433`

Please make sure your database server is running at `localhost:5433`.
prisma:error 
Invalid `prisma.clientAlertesConfig.findMany()` invocation in
C:\Users\Mili\OneDrive\Bureau\lvo-web\server\src\db-store.ts:698:32

  695 prisma.clientPortalNotification.findMany({ where: { legacyId: { not: null } }, orderBy: { legacyId: "asc" } }),
  696 prisma.clientContrat.findMany({ where: { legacyId: { not: null } }, orderBy: { legacyId: "asc" } }),
  697 prisma.clientIntervention.findMany({ where: { legacyId: { not: null } }, orderBy: { legacyId: "asc" } }),
→ 698 prisma.clientAlertesConfig.findMany(
Can't reach database server at `localhost:5433`

Please make sure your database server is running at `localhost:5433`.
prisma:error 
Invalid `prisma.mmsRapport.findMany()` invocation in
C:\Users\Mili\OneDrive\Bureau\lvo-web\server\src\db-store.ts:699:23

  696 prisma.clientContrat.findMany({ where: { legacyId: { not: null } }, orderBy: { legacyId: "asc" } }),
  697 prisma.clientIntervention.findMany({ where: { legacyId: { not: null } }, orderBy: { legacyId: "asc" } }),
  698 prisma.clientAlertesConfig.findMany(),
→ 699 prisma.mmsRapport.findMany(
Can't reach database server at `localhost:5433`

Please make sure your database server is running at `localhost:5433`.
prisma:error 
Invalid `prisma.pendingQuontoTransaction.findMany()` invocation in
C:\Users\Mili\OneDrive\Bureau\lvo-web\server\src\db-store.ts:700:37

  697 prisma.clientIntervention.findMany({ where: { legacyId: { not: null } }, orderBy: { legacyId: "asc" } }),
  698 prisma.clientAlertesConfig.findMany(),
  699 prisma.mmsRapport.findMany({ where: { legacyId: { not: null } }, orderBy: { legacyId: "asc" } }),
→ 700 prisma.pendingQuontoTransaction.findMany(
Can't reach database server at `localhost:5433`

Please make sure your database server is running at `localhost:5433`.
prisma:error 
Invalid `prisma.auditLog.findMany()` invocation in
C:\Users\Mili\OneDrive\Bureau\lvo-web\server\src\db-store.ts:701:21

  698 prisma.clientAlertesConfig.findMany(),
  699 prisma.mmsRapport.findMany({ where: { legacyId: { not: null } }, orderBy: { legacyId: "asc" } }),
  700 prisma.pendingQuontoTransaction.findMany({ where: { legacyId: { not: null } }, orderBy: { legacyId: "asc" } }),
→ 701 prisma.auditLog.findMany(
Can't reach database server at `localhost:5433`

Please make sure your database server is running at `localhost:5433`.
prisma:error 
Invalid `prisma.historiqueAnnulation.findMany()` invocation in
C:\Users\Mili\OneDrive\Bureau\lvo-web\server\src\db-store.ts:702:33

  699 prisma.mmsRapport.findMany({ where: { legacyId: { not: null } }, orderBy: { legacyId: "asc" } }),
  700 prisma.pendingQuontoTransaction.findMany({ where: { legacyId: { not: null } }, orderBy: { legacyId: "asc" } }),
  701 prisma.auditLog.findMany({ where: { legacyId: { not: null } }, orderBy: { legacyId: "asc" } }),
→ 702 prisma.historiqueAnnulation.findMany(
Can't reach database server at `localhost:5433`

Please make sure your database server is running at `localhost:5433`.
[store] DB indisponible, fallback snapshot JSON : 
Invalid `prisma.user.findMany()` invocation in
C:\Users\Mili\OneDrive\Bureau\lvo-web\server\src\db-store.ts:680:17

  677   dbContrats, dbInterventions, dbAlertes, dbMms,
  678   dbPendingQ, dbAudit, dbHistorique,
  679 ] = await Promise.all([
→ 680   prisma.user.findMany(
Can't reach database server at `localhost:5433`

Please make sure your database server is running at `localhost:5433`.
[store] Données restaurées depuis postgresql (tables normalisées)
LVO API listening on http://localhost:8080
Comptes démo : admin@lvo-ing.fr / lvo123 (ADMIN), manager@lvo-ing.fr / lvo123 (MANAGER), consultant@ / viewer@ — mot de passe lvo123
npm error Lifecycle script `dev` failed with error:
npm error code 4294967295
npm error path C:\Users\Mili\OneDrive\Bureau\lvo-web\server
npm error workspace lvo-api-server@0.1.0
npm error location C:\Users\Mili\OneDrive\Bureau\lvo-web\server
npm error command failed
npm error command C:\WINDOWS\system32\cmd.exe /d /s /c tsx watch src/index.ts
